School Name,URL,State,Address,Latitude,Longitude
Albertus Magnus College,http://albertus.edu,CT,"700 Prospect St, New Haven, CT 06511, USA",41.3315693,-72.9225714
Asnuntuck Community College,http://asnuntuck.edu,CT,"170 Elm St, Enfield, CT 06082, USA",41.9980974,-72.5713159
Connecticut College,http://conncoll.edu,CT,"270 Mohegan Ave Pkwy, New London, CT 06320, USA",41.3797826,-72.1079889
Eastern Connecticut State University,http://easternct.edu,CT,"83 Windham St, Willimantic, CT 06226, USA",41.7209067,-72.2183815
Fairfield University,http://fairfield.edu,CT,"1073 N Benson Rd, Fairfield, CT 06824, USA",41.158851,-73.2573876
Goodwin College,http://goodwin.edu,CT,"1 Riverside Dr, East Hartford, CT 06118, USA",41.7428742,-72.6402993
University of Hartford,http://hartford.edu,CT,"200 Bloomfield Ave, West Hartford, CT 06117, USA",41.7949001,-72.7157659
Hartford Seminary,http://hartsem.edu,CT,"77 Sherman St, Hartford, CT 06105, USA",41.7698825,-72.7077303
University of New Haven,http://newhaven.edu,CT,"300 Boston Post Rd, West Haven, CT 06516, USA",41.2925058,-72.9616977
Queens University of Charlotte,http://quinnipiac.edu,CT,"1900 Selwyn Ave, Charlotte, NC 28274, USA",35.188626,-80.8329724
Quinebaug Valley Community College,http://qvcc.edu,CT,"742 Upper Maple St, Danielson, CT 06239, USA",41.8247124,-71.8928326
Sacred Heart University,http://sacredheart.edu,CT,"5151 Park Ave, Fairfield, CT 06825, USA",41.2215512,-73.2414646
Southern Connecticut State University,http://southernct.edu,CT,"501 Crescent St, New Haven, CT 06515, USA",41.3318269,-72.9452722
Three Rivers Community College,http://threerivers.edu,CT,"574 New London Turnpike, Norwich, CT 06360, USA",41.5093032,-72.1030131
Trinity College,http://trincoll.edu,CT,"300 Summit St, Hartford, CT 06106, USA",41.7486373,-72.6928403
Tunxis Community College,http://tunxis.edu,CT,"271 Scott Swamp Rd, Farmington, CT 06032, USA",41.7053045,-72.8775784
University of Connecticut Health Center,http://uchc.edu,CT,"263 Farmington Ave, Farmington, CT 06030, USA",41.7344559,-72.7956006
University of Connecticut,http://uconn.edu,CT,"352 MANSFIELD RD, STORRS, CT 06269",41.8088143,-72.2498767
University of Saint Joseph Connecticut,http://usj.edu,CT,"1678 Asylum Ave, West Hartford, CT 06117, USA",41.7804004,-72.7313041
Western Connecticut State University,http://wcsu.edu,CT,"181 White St, Danbury, CT 06810, USA",41.3991459,-73.4447323
Wesleyan University,http://wesleyan.edu,CT,"45 Wyllys Ave, Middletown, CT 06459, USA",41.5567552,-72.6568341
Yale University,http://yale.edu,CT,"133 WALL ST, NEW HAVEN, CT 06511",41.3119537,-72.9285735
Anne Arundel Community College,http://aacc.edu,MD,"101 College Pkwy, Arnold, MD 21012, USA",39.049076,-76.5167656
Baltimore City Community College,http://bccc.edu,MD,"2901 Liberty Heights Ave, Baltimore, MD 21215, USA",39.3213714,-76.6637083
Bowie State University,http://bowiestate.edu,MD,"14000 Jericho Park Rd, Bowie, MD 20715, USA",39.0181217,-76.7597271
Carroll Community College,http://carrollcc.edu,MD,"1601 Washington Rd, Westminster, MD 21157, USA",39.5305828,-76.9915117
The Community College of Baltimore County,http://ccbcmd.edu,MD,"11101 McCormick Rd # 101, Hunt Valley, MD 21031, USA",39.4881769,-76.6567834
Chesapeake College,http://chesapeake.edu,MD,"1000 College Cir, Wye Mills, MD 21679, USA",38.9524186,-76.0812507
Coppin State University,http://coppin.edu,MD,"2500 W North Ave, Baltimore, MD 21216, USA",39.3130559,-76.6575601
College of Southern Maryland,http://csmd.edu,MD,"8730 Mitchell Rd, La Plata, MD 20646, USA",38.5604347,-77.0096824
Frederick Community College,http://frederick.edu,MD,"7932 Opossumtown Pike, Frederick, MD 21701, USA",39.4520857,-77.4185333
Frostburg State University,http://frostburg.edu,MD,"101 Braddock Rd, Frostburg, MD 21532, USA",39.6498765,-78.9345627
Garrett College,http://garrettcollege.edu,MD,"687 Mosser Rd, McHenry, MD 21541, USA",39.5618972,-79.3402189
Goucher College,http://goucher.edu,MD,"1021 Dulaney Valley Rd, Baltimore, MD 21204, USA",39.4098751,-76.5956424
Hagerstown Community  College,http://hagerstowncc.edu,MD,"11400 Robinwood Dr, Hagerstown, MD 21742, USA",39.6301544,-77.6673476
Harford Community College,http://harford.edu,MD,"401 Thomas Run Rd, Bel Air, MD 21015, USA",39.5587983,-76.2842133
Hood College,http://hood.edu,MD,"401 Rosemont Ave, Frederick, MD 21701, USA",39.4221419,-77.4204415
Howard Community College,http://howardcc.edu,MD,"10901 Little Patuxent Pkwy, Columbia, MD 21044, USA",39.2140693,-76.8888023
Johns Hopkins Bloomberg School of Public Health,http://jhsph.edu,MD,"615 N Wolfe St, Baltimore, MD 21205, USA",39.2979466,-76.5901942
Johns Hopkins University,http://jhu.edu,MD,"3400 N CHARLES ST, BALTIMORE, MD 21218",39.3272831,-76.6195475
Loyola University Maryland,http://loyola.edu,MD,"4501 N Charles St, Baltimore, MD 21210, USA",39.3461942,-76.62138
Montgomery Blair High School,http://mbhs.edu,MD,"51 University Blvd E, Silver Spring, MD 20901, USA",39.0182755,-77.0123645
McDaniel College,http://mcdaniel.edu,MD,"2 College Hill, Westminster, MD 21157, USA",39.5844046,-77.0007901
Maryland Institute College of Art,http://mica.edu,MD,"1300 MOUNT ROYAL AVE, BALTIMORE, MD 21217",39.3074853,-76.6216858
Montgomery College,http://montgomerycollege.edu,MD,"51 MANNAKEE ST, ROCKVILLE, MD 20850",39.0978131,-77.1569211
Mount Saint Mary's University,http://msmary.edu,MD,"16300 OLD EMMITSBURG RD, EMMITSBURG, MD 21727",39.6833769,-77.350925
Maryland University of Integrative Health,http://muih.edu,MD,"7750 Montpelier Rd, Laurel, MD 20723, USA",39.1658659,-76.8880397
Prince George's Community College,http://pgcc.edu,MD,"301 Largo Rd, Largo, MD 20774",38.8881475,-76.8254824
Salisbury University,http://salisbury.edu,MD,"1101 Camden Ave, Salisbury, MD 21801, USA",38.346007,-75.608042
Sojourner-Douglass College,http://sdc.edu,MD,"200 N Central Ave, Baltimore, MD 21202, USA",39.2943471,-76.6005767
Saint Mary's College of Maryland,http://smcm.edu,MD,"47645 COLLEGE DR, ST. MARY'S CITY, MD 20686",38.1908957,-76.4290567
Saint James School,http://stjames.edu,MD,"St. James R-I School District, MO, USA",38.0094637,-91.637215
Towson University,http://towson.edu,MD,"8000 York Rd, Towson, MD 21252, USA",39.3935895,-76.611192
University of  Baltimore,http://ubalt.edu,MD,"1420 N Charles St, Baltimore, MD 21202, USA",39.3059189,-76.6164504
University of Maryland,http://umaryland.edu,MD,"620 W. Lexington St., Baltimore, MD 21201",39.2917241,-76.62489
University of  Maryland Baltimore County,http://umbc.edu,MD,"1000 Hilltop Cir, Baltimore, MD 21250, USA",39.2589368,-76.7132097
University of Maryland,http://umd.edu,MD,"7999 REGENTS DR, COLLEGE PARK, MD 20742",38.9866767,-76.9395044
University of Maryland University College,http://umuc.edu,MD,"3501 University Blvd E, Adelphi, MD 20783, USA",38.9864472,-76.9539928
University System of Maryland,http://usmd.edu,MD,"3300 Metzerott Rd, Adelphi, MD 20783, USA",39.0047745,-76.9541109
United States Naval Academy,http://usna.edu,MD,"121 BLAKE RD, ANNAPOLIS, MD 21402",38.9819141,-76.4869885
Washington College,http://washcoll.edu,MD,"300 Washington Ave, Chestertown, MD 21620, USA",39.2184284,-76.0673379
Wor-Wic Community College,http://worwic.edu,MD,"32000 Campus Dr, Salisbury, MD 21804, USA",38.3745946,-75.5016234
Saint John's College,http://sjc.edu,MD,"60 COLLEGE AVE, ANNAPOLIS, MD 21401",38.98148,-76.4919806
Asheville-Buncombe Technical Community College,http://abtech.edu,NC,"340 Victoria Rd, Asheville, NC 28801, USA",35.5709438,-82.5565173
Alamance Community College,http://alamancecc.edu,NC,"1247 Jimmie Kerr Rd, Graham, NC 27253, USA",36.0667853,-79.3575561
Appalachian State University,http://appstate.edu,NC,"John E. Thomas Hall, 287 Rivers St, Boone, NC 28608, USA",36.2109506,-81.6777048
Bladen Community College,http://bladencc.edu,NC,"7418 NC Hwy 41W, Dublin, NC 28332, USA",34.6861718,-77.9976689
Body Therapy Institute,http://bti.edu,NC,"300 Southwind Road, Siler City, NC 27344, USA",35.7800672,-79.3369183
Campbell University,http://campbell.edu,NC,"143 Main St, Buies Creek, NC 27506, USA",35.4091517,-78.7382773
Cape Fear Community College,http://cfcc.edu,NC,"411 N Front St, Wilmington, NC 28401, USA",34.2462759,-77.9484328
Charlotte School of Law,http://charlottelaw.edu,NC,"201 S College St #400, Charlotte, NC 28244, USA",35.224986,-80.843312
Chowan University,http://chowan.edu,NC,"1 University Dr, Murfreesboro, NC 27855, USA",36.4333908,-77.0978896
Central Piedmont Community College,http://cpcc.edu,NC,"1201 ELIZABETH AVE, CHARLOTTE, NC 28204",35.2174398,-80.830546
Craven Community College,http://cravencc.edu,NC,"800 College Ct, New Bern, NC 28562, USA",35.1135619,-77.1057045
Davidson College,http://davidson.edu,NC,"405 N Main St, Davidson, NC 28035, USA",35.5015528,-80.8423248
Duke University,http://duke.edu,NC,"CHAPEL DR, DURHAM, NC 27708",36.0002131,-78.9366946
Durham Technical Community College,http://durhamtech.edu,NC,"1637 E Lawson St, Durham, NC 27703, USA",35.974728,-78.8816976
Elizabeth City State University,http://ecsu.edu,NC,"1704 Weeksville Rd, Elizabeth City, NC 27909, USA",36.2830401,-76.2141887
East Carolina University,http://ecu.edu,NC,"E 5th St, Greenville, NC 27858, USA",35.6066409,-77.3559964
Elon University,http://elon.edu,NC,"100 CAMPUS DR, ELON, NC 27244",36.10498,-79.50425
Fayetteville Technical Community College,http://faytechcc.edu,NC,"2201 Hull Rd, Fayetteville, NC 28303, USA",35.0689219,-78.9274651
Forsyth Technical Community College,http://forsythtech.edu,NC,"2100 Silas Creek Pkwy, Winston-Salem, NC 27103, USA",36.0691051,-80.2705734
Gardner-Webb University,http://gardner-webb.edu,NC,"110 S Main St, Boiling Springs, NC 28017, USA",35.2475249,-81.6706979
Gaston College,http://gaston.edu,NC,"201 US-321, Dallas, NC 28034, USA",35.310218,-81.1887876
Guilford Technical Community College,http://gtcc.edu,NC,"601 E Main St, Jamestown, NC 27282, USA",35.9984465,-79.918786
Heritage Bible College,http://heritagebiblecollege.edu,NC,"494 Antioch Church Rd, Dunn, NC 28334, USA",35.3073978,-78.6642053
High Point University,http://highpoint.edu,NC,"1 N University Pkwy, High Point, NC 27268, USA",35.9708428,-79.995014
Isothermal Community College,http://isothermal.edu,NC,"286 I C C Loop Rd, Spindale, NC 28160, USA",35.337691,-81.9118303
Lenoir Community College,http://lenoircc.edu,NC,"231 North Carolina Hwy 58, Kinston, NC 28504, USA",35.2338386,-77.5710846
Lees McRae College,http://lmc.edu,NC,"191 Main St W, Banner Elk, NC 28604, USA",36.162553,-81.873382
Methodist University,http://methodist.edu,NC,"5400 Ramsey St, Fayetteville, NC 28311, USA",35.1296003,-78.8671408
The University of Mount Olive,http://umo.edu,NC,"634 Henderson St, Mt Olive, NC 28365, USA",35.2058644,-78.0701853
Montgomery Community College,http://montgomery.edu,NC,"340 Dekalb Pike, Blue Bell, PA 19422, USA",40.1771873,-75.279396
North Carolina Central University,http://nccu.edu,NC,"1801 Fayetteville St, Durham, NC 27707, USA",35.974768,-78.8978945
North Carolina School of Science and Mathematics,http://ncssm.edu,NC,"1219 Broad St, Durham, NC 27705, USA",36.0180346,-78.9215701
North Carolina State University,http://ncsu.edu,NC,"2101 HILLSBOROUGH ST, RALEIGH, NC 27695",35.7861174,-78.6634977
North Carolina Wesleyan College,http://ncwc.edu,NC,"North Carolina Wesleyan College, Rocky Mount, NC 27804, USA",36.0171946,-77.7756167
New Life Theological Seminary,http://nlts.edu,NC,"7520 E Independence Blvd, Charlotte, NC 28227, USA",35.1596175,-80.7372379
University of North Carolina,http://northcarolina.edu,NC,"Chapel Hill, NC, USA",35.9131996,-79.0558445
Piedmont Community College,http://piedmontcc.edu,NC,"1715 College Dr, Roxboro, NC 27573, USA",36.4314529,-78.979532
Pitt Community College,http://pittcc.edu,NC,"1986 Pitt Tech Rd, Winterville, NC 28590, USA",35.5495861,-77.4068109
Queens University of Charlotte,http://queens.edu,NC,"1900 Selwyn Ave, Charlotte, NC 28274, USA",35.188626,-80.8329724
Randolph Community College,http://randolph.edu,NC,"629 Industrial Park Ave, Asheboro, NC 27205, USA",35.6733597,-79.825516
Roanoke-Chowan Community College,http://roanokechowan.edu,NC,"109 Community College Rd, Ahoskie, NC 27910, USA",36.3254651,-77.0229819
Salem College,http://salem.edu,NC,"601 S Church St, Winston-Salem, NC 27101, USA",36.0875355,-80.2412056
Sampson Community College,http://sampsoncc.edu,NC,"1801 Sunset Ave, Clinton, NC 28328, USA",34.9904375,-78.3599458
Sandhills Community College,http://sandhills.edu,NC,"3395 Airport Rd, Pinehurst, NC 28374, USA",35.2210696,-79.4078772
Saint Andrews University,http://sapc.edu,NC,"1700 Dogwood Mile St, Laurinburg, NC 28352, USA",34.7401201,-79.4811544
Southeastern Community College,http://sccnc.edu,NC,"1500 W Agency Rd, West Burlington, IA 52655, USA",40.8151845,-91.1730852
Southeastern Baptist Theological Seminary,http://sebts.edu,NC,"Stealey Hall - Main Administration Building, 100 N Wingate St, Wake Forest, NC 27587, USA",35.9813678,-78.5123754
Shaw University,http://shawu.edu,NC,"118 E South St, Raleigh, NC 27601, USA",35.7717577,-78.6373526
Southwestern Community College,http://southwesterncc.edu,NC,"900 Otay Lakes Rd, Chula Vista, CA 91910, USA",32.6427876,-116.9992869
South Piedmont Community College,http://spcc.edu,NC,"680 US-74, Polkton, NC 28135, USA",35.000325,-80.2111728
Stanly Community College,http://stanly.edu,NC,"141 College Dr, Albemarle, NC 28001, USA",35.3394123,-80.2362266
Saint Augustine's University,http://st-aug.edu,NC,"1315 OAKWOOD AVE, RALEIGH, NC 27610",35.7862333,-78.621875
University of North Carolina at Chapel Hill,http://unc.edu,NC,"Chapel Hill, NC, USA",35.9131996,-79.0558445
University of North Carolina Asheville,http://unca.edu,NC,"1 University Heights, Asheville, NC 28804, USA",35.6170056,-82.5654125
University of North Carolina Charlotte,http://uncc.edu,NC,"9201 University City Blvd, Charlotte, NC 28223, USA",35.3056522,-80.7320316
University of North Carolina Greensboro,http://uncg.edu,NC,"1400 Spring Garden St, Greensboro, NC 27412, USA",36.0655864,-79.8130382
University of North Carolina Pembroke,http://uncp.edu,NC,"1 University Drive, Pembroke, NC 28372, USA",34.6910291,-79.2006534
University of North Carolina School of the Arts,http://uncsa.edu,NC,"1533 S Main St, Winston-Salem, NC 27127, USA",36.0760867,-80.2355295
University of North Carolina Wilmington,http://uncw.edu,NC,"601 College Rd, Wilmington, NC 28403, USA",34.2266437,-77.878762
Vance-Granville Community College,http://vgcc.edu,NC,"200 Community College Rd, Henderson, NC 27536, USA",36.3234425,-78.4872706
Wake Technical Community College,http://waketech.edu,NC,"9101 Fayetteville Rd, Raleigh, NC 27603, USA",35.6509102,-78.7040119
Warren Wilson College,http://warren-wilson.edu,NC,"701 Warren Wilson Rd, Swannanoa, NC 28778, USA",35.6138601,-82.4388616
Western Carolina University,http://wcu.edu,NC,"1 University Dr, Cullowhee, NC 28723, USA",35.3092109,-83.1855823
Wake Forest University,http://wfu.edu,NC,"1834 Wake Forest Rd, Winston-Salem, NC 27109, USA",36.1372087,-80.2748648
Western Piedmont Community College,http://wpcc.edu,NC,"1001 Burkemont Ave, Morganton, NC 28655, USA",35.7235302,-81.6883757
Winston-Salem State University,http://wssu.edu,NC,"601 S Martin Luther King Jr Dr, Winston-Salem, NC 27110, USA",36.0891542,-80.2281666
Atlantic Cape Community College,http://atlantic.edu,NJ,"5100 Black Horse Pike, Mays Landing, NJ 08330, USA",39.4606358,-74.6796745
Burlington County College,http://bcc.edu,NJ,"900 College Cir, Mt Laurel Township, NJ 08054, USA",39.9721738,-74.8943408
Bergen Community College,http://bergen.edu,NJ,"400 Paramus Rd, Paramus, NJ 07652, USA",40.9516768,-74.09384
Brookdale Community College,http://brookdalecc.edu,NJ,"765 Newman Springs Rd, Lincroft, NJ 07738, USA",40.3270495,-74.1339973
Centenary College of New Jersey,http://centenarycollege.edu,NJ,"400 Jefferson St, Hackettstown, NJ 07840, USA",40.8490128,-74.8328933
Drew University,http://drew.edu,NJ,"36 Madison Ave, Madison, NJ 07940, USA",40.7612505,-74.4252577
Eastwick College,http://eastwickcollege.edu,NJ,"10 S Franklin Turnpike, Ramsey, NJ 07446, USA",41.0579888,-74.1315544
Fairleigh Dickinson University,http://fdu.edu,NJ,"1000 River Rd, Teaneck, NJ 07666, USA",40.8989063,-74.0302378
Felician College,http://felician.edu,NJ,"One Felician Way, Rutherford, NJ 07070, USA",40.8301777,-74.1121924
Fortis Institute,http://fortis.edu,NJ,"201 WILLOWBROOK BLVD, WAYNE, NJ 07470",40.885366,-74.2558662
Georgian Court University,http://georgian.edu,NJ,"900 Lakewood Ave, Lakewood, NJ 08701, USA",40.0997898,-74.2274498
Kean University,http://kean.edu,NJ,"1000 Morris Ave, Union, NJ 07083, USA",40.6798676,-74.2309413
Mercer County Community  College,http://mccc.edu,NJ,"1200 Old Trenton Rd, West Windsor Township, NJ 08550, USA",40.2533902,-74.6506009
Middlesex County College,http://middlesexcc.edu,NJ,"2600 Woodbridge Ave, Edison, NJ 08837, USA",40.5100271,-74.3658646
Monmouth University,http://monmouth.edu,NJ,"400 Cedar Ave, West Long Branch, NJ 07764, USA",40.2826275,-74.005545
Montclair State University,http://montclair.edu,NJ,"1 Normal Ave, Montclair, NJ 07043, USA",40.8597586,-74.1997454
New Jersey City University,http://njcu.edu,NJ,"2039 John F. Kennedy Blvd, Jersey City, NJ 07305, USA",40.7090176,-74.08634
New Jersey Institute of Technology,http://njit.edu,NJ,"323 Dr Martin Luther King Jr Blvd, Newark, NJ 07102, USA",40.7428189,-74.1770705
Ocean County College,http://ocean.edu,NJ,"1 College Dr, Toms River, NJ 08754, USA",40.0112921,-74.1679659
Princeton University,http://princeton.edu,NJ,"1 NASSAU HALL, PRINCETON, NJ 08544",40.3486278,-74.6593444
Princeton Theological Seminary,http://ptsem.edu,NJ,"64 Mercer St, Princeton, NJ 08542, USA",40.3452395,-74.6635097
Ramapo College of New Jersey,http://ramapo.edu,NJ,"505 Ramapo Valley Rd, Mahwah, NJ 07430, USA",41.0819548,-74.1744242
Raritan Valley Community College,http://raritanval.edu,NJ,"118 Lamington Rd, Branchburg, NJ 08876, USA",40.6116987,-74.6883885
Rider University,http://rider.edu,NJ,"2083 Lawrenceville Rd, Lawrenceville, NJ 08648, USA",40.2792703,-74.7372274
Rowan University,http://rowan.edu,NJ,"201 Mullica Hill Rd, Glassboro, NJ 08028, USA",39.7100477,-75.1229074
Rutgers University,http://rutgers.edu,NJ,"65 DAVIDSON RD, PISCATAWAY, NJ 08854",40.5234821,-74.4556185
Seton Hall University,http://shu.edu,NJ,"400 S Orange Ave, South Orange, NJ 07079, USA",40.7478808,-74.2709318
Stenotech Career Institute,http://stenotech.edu,NJ,"262 Old New Brunswick Rd, Piscataway, NJ 08854, USA",40.5530033,-74.4765583
Stevens Institute of Technology,http://stevens.edu,NJ,"1 Castle Point Terrace, Hoboken, NJ 07030, USA",40.7446229,-74.0253995
Stockton College,http://stockton.edu,NJ,"101 Vera King Farris Dr, Galloway, NJ 08205, USA",39.5017171,-74.5281344
Sussex County Community College,http://sussex.edu,NJ,"1 College Hill Rd, Newton, NJ 07860, USA",41.0682698,-74.7578004
The College of New Jersey,http://tcnj.edu,NJ,"2000 Pennington Rd, Ewing Township, NJ 08618, USA",40.2684386,-74.7776962
Thomas Edison State College,http://tesc.edu,NJ,"111 W State St, Trenton, NJ 08608, USA",40.220262,-74.768303
William Paterson University,http://wpunj.edu,NJ,"300 Pompton Rd, Wayne, NJ 07470, USA",40.9459095,-74.1985325
County College of Morris,http://ccm.edu,NJ,"214 Center Grove Rd, Randolph, NJ 07869, USA",40.8581057,-74.5814259
Camden County College,http://camdencc.edu,NJ,"200 COLLEGE DR, BLACKWOOD, NJ 08012",39.7848016,-75.0383435
Passaic County Community College,http://pccc.edu,NJ,"1 College Blvd, Paterson, NJ 07505, USA",40.9184681,-74.1686768
Ross University,http://rossu.edu,NJ,"485 US Highway 1 South, Building B, 4th Floor, Iselin, NJ 08830",40.5552628,-74.3142545
Adelphi University,http://adelphi.edu,NY,"1 South Avenue, Garden City, NY 11530",40.7200782,-73.6515481
University at Albany,http://albany.edu,NY,"1400 Washington Ave, Albany, NY 12222, USA",42.689933,-73.8299829
Alfred University,http://alfred.edu,NY,"1 Saxon Dr, Alfred, NY 14802, USA",42.2558218,-77.786103
The American Musical and Dramatic Academy,http://amda.edu,NY,"211 W 61st St, New York, NY 10023, USA",40.7723851,-73.9878775
Bard College,http://bard.edu,NY,"30 Campus Rd, Annandale-On-Hudson, NY 12504, USA",42.0193866,-73.9076429
Barnard College,http://barnard.edu,NY,"3009 Broadway, New York, NY 10027, USA",40.8090498,-73.9637687
Binghamton University,http://binghamton.edu,NY,"4400 Vestal Pkwy E, Binghamton, NY 13902, USA",42.0874939,-75.9658689
The College at Brockport,http://brockport.edu,NY,"Monroe Ave, Brockport, NY 14420, USA",43.212997,-77.943944
University at Buffalo,http://buffalo.edu,NY,"190 Founders Prom, Amherst, NY 14068, USA",43.0010444,-78.7877504
Buffalo State University,http://buffalostate.edu,NY,"1300 Elmwood Ave, Buffalo, NY 14222, USA",42.9331648,-78.8877643
Cazenovia College,http://cazenovia.edu,NY,"22 Sullivan St, Cazenovia, NY 13035, USA",42.9324543,-75.8550304
Clarkson University,http://clarkson.edu,NY,"8 Clarkson Ave, Potsdam, NY 13699, USA",44.6659054,-74.9925397
Clinton Community College,http://clinton.edu,NY,"136 Clinton Point Dr, Plattsburgh, NY 12901, USA",44.648192,-73.439933
The College of New Rochelle,http://cnr.edu,NY,"29 Castle Pl, New Rochelle, NY 10805, USA",40.901388,-73.782075
Cobleskill University,http://cobleskill.edu,NY,"106 Suffolk Cir, Cobleskill, NY 12043, USA",42.671256,-74.4993144
Colgate University,http://colgate.edu,NY,"13 Oak Dr E Ext, Hamilton, NY 13346, USA",42.8183255,-75.5364956
Columbia University in the City of New York,http://columbia.edu,NY,"116th and Broadway, New York, NY 10027, USA",40.8079838,-73.9637988
The Cooper Union,http://cooper.edu,NY,"30 Cooper Sq, New York, NY 10003, USA",40.7281197,-73.9916115
Cornell University,http://cornell.edu,NY,"410 THURSTON AVE,  ITHACA, NY 14853",42.4539265,-76.4843143
Cortland College,http://cortland.edu,NY,"MILLER BUILDING, CORTLAND, NY 13045",42.5989977,-76.1877473
The City University of New York,http://cuny.edu,NY,"205 E 42nd St, New York, NY 10017",40.7509381,-73.9735038
The College of Westchester,http://cw.edu,NY,"325 Central Ave, White Plains, NY 10606, USA",41.0336542,-73.7844278
Daemen College,http://daemen.edu,NY,"4380 Main St, Amherst, NY 14226, USA",42.9650703,-78.7897573
Dominican College,http://dc.edu,NY,"470 Western Hwy S, Orangeburg, NY 10962, USA",41.0512508,-73.9526864
Delhi State University of New York,http://delhi.edu,NY,"454 Delhi Dr, Delhi, NY 13753, USA",42.2698453,-74.924572
Dowling College,http://dowling.edu,NY,"150 Idle Hour Blvd, Oakdale, NY 11769, USA",40.7422255,-73.1481218
D'Youville College,http://dyc.edu,NY,"320 Porter Avenue, Buffalo, New York 14201",42.9025892,-78.890939
Erie Community College State University of New York,http://ecc.edu,NY,"6205 Main St, Williamsville, NY 14221",42.9600797,-78.7232639
Elim Bible Institute,http://elim.edu,NY,"7245 College St, Lima, NY 14485, USA",42.9093702,-77.6153061
Elmira College,http://elmira.edu,NY,"1 Park Pl, Elmira, NY 14901, USA",42.096407,-76.8164132
Empire State College,http://esc.edu,NY,"3 Washington Center 2nd floor, Newburgh, NY 12550",41.5010827,-74.0078404
College of Environmental Science and Forestry,http://esf.edu,NY,"1 Forestry Dr, Syracuse, NY 13210, USA",43.0347192,-76.1363527
Farmingdale State College,http://farmingdale.edu,NY,"2350 NY-110, Farmingdale, NY 11735, USA",40.7541754,-73.4283454
Fashion Institute of Technology,http://fitnyc.edu,NY,"227 W 27th St, New York, NY 10001, USA",40.7472834,-73.9948531
Finger Lakes Community College,http://flcc.edu,NY,"3325 Marvin Sands Dr, Canandaigua, NY 14424, USA",42.8671852,-77.2410092
Fordham University,http://fordham.edu,NY,"113 W 60th Street, New York, NY 10023",40.7702894,-73.9845713
Fredonia University,http://fredonia.edu,NY,"280 Central Ave, Fredonia, NY 14063, USA",42.4531095,-79.3407527
Five Towns College,http://ftc.edu,NY,"305 N Service Rd, Dix Hills, NY 11746, USA",40.7945627,-73.3686541
Geneseo University,http://geneseo.edu,NY,"1 College Cir, Geneseo, NY 14454, USA",42.7974129,-77.8221745
Globe Institute of Technology,http://globe.edu,NY,"500 7th Ave, New York, NY 10018, USA",40.7531386,-73.9894616
The General Theological Seminary,http://gts.edu,NY,"440 W 21st St, New York, NY 10011, USA",40.7458439,-74.0039926
Hamilton College,http://hamilton.edu,NY,"198 College Hill Rd, Clinton, NY 13323, USA",43.0498753,-75.4060355
Hartwick College,http://hartwick.edu,NY,"1 Hartwick Dr, Oneonta, NY 13820, USA",42.4586674,-75.0718461
Herkimer College,http://herkimer.edu,NY,"100 Reservoir Rd, Herkimer, NY 13350, USA",43.0322822,-75.006246
Hofstra University,http://hofstra.edu,NY,"1000 Hempstead Tpke, Hempstead, NY 11549, USA",40.7140683,-73.6036277
Hudson Valley Community College,http://hvcc.edu,NY,"80 Vandenburgh Ave, Troy, NY 12180, USA",42.6956521,-73.6869188
Hobart and William Smith Colleges,http://hws.edu,NY,"300 Pulteney St, Geneva, NY 14456, USA",42.8591561,-76.9857277
Institute of Design and Construction,http://idc.edu,NY,"141 Willoughby St, Brooklyn, NY 11201, USA",40.6923307,-73.9831021
Iona College,http://iona.edu,NY,"715 North Ave, New Rochelle, NY 10804, USA",40.9263303,-73.7856363
Ithaca College,http://ithaca.edu,NY,"953 Danby Rd, Ithaca, NY 14850, USA",42.4199351,-76.4969643
The Jewish Theological Seminary,http://jtsa.edu,NY,"3080 Broadway, New York, NY 10027, USA",40.8119615,-73.9601139
The Juilliard School,http://juilliard.edu,NY,"60 Lincoln Center Plaza, New York, NY 10023, USA",40.7721411,-73.9851111
Keuka College,http://keuka.edu,NY,"141 Central Ave, Keuka Park, NY 14478, USA",42.6153271,-77.0905313
Lehman College,http://lehman.edu,NY,"250 Bedford Park Blvd W, Bronx, NY 10468, USA",40.8743468,-73.8926398
Le Moyne,http://lemoyne.edu,NY,"1419 Salt Springs Rd, Syracuse, NY 13214, USA",43.0496767,-76.0890901
Lim College,http://limcollege.edu,NY,"216 E 45th St, New York, NY 10017, USA",40.7521105,-73.9721526
Long Island University,http://liu.edu,NY,"1 University Plaza, Brooklyn, NY 11201",40.6912612,-73.9812235
Manhattan College,http://manhattan.edu,NY,"4513 Manhattan College Pkwy, Bronx, NY 10471, USA",40.890317,-73.9026776
Marist College,http://marist.edu,NY,"3399 North Rd, Poughkeepsie, NY 12601, USA",41.7210577,-73.934237
Metropolitan College of New York,http://mcny.edu,NY,"60 West St, New York, NY 10006, USA",40.708707,-74.0146867
Mercy College,http://mercy.edu,NY,"555 Broadway, Dobbs Ferry, NY 10522, USA",41.0212068,-73.8745256
Marymount Manhattan College,http://mmm.edu,NY,"221 E 71st St, New York, NY 10021, USA",40.7688034,-73.9598015
Monroe Community College,http://monroecc.edu,NY,"1000 E HENRIETTA RD, ROCHESTER, NY 14623",43.1013065,-77.610431
Morrisville State College,http://morrisville.edu,NY,"80 Eaton St, Morrisville, NY 13408, USA",42.8944699,-75.6454025
Mount Saint Marry College,http://msmc.edu,NY,"330 Powell Ave, Newburgh, NY 12550, USA",41.5112661,-74.0119557
Icahn School of Medicine at Mount Sinai,http://mssm.edu,NY,"1 Gustave L. Levy Pl, New York, NY 10029, USA",40.7900118,-73.9537414
Manhattanville College,http://mville.edu,NY,"2900 Purchase St, Purchase, NY 10577, USA",41.0327556,-73.7152376
Nazareth College,http://naz.edu,NY,"4245 East Ave, Rochester, NY 14618, USA",43.101447,-77.5169235
Nassau Community College,http://ncc.edu,NY,"1 Education Dr, Garden City, NY 11530, USA",40.7298351,-73.5918951
New Paltz,http://newpaltz.edu,NY,"1 HAWK DR, NEW PALTZ, NY 12561",41.7416184,-74.0807244
The New School,http://newschool.edu,NY,"66 W 12th St, New York, NY 10011, USA",40.7355009,-73.9971383
Niagara University,http://niagara.edu,NY,"5795 Lewiston Rd, Niagara University, NY 14109, USA",43.1369816,-79.0349955
Nyack College,http://nyack.edu,NY,"2 Washington St, New York, NY 10004, USA",40.705538,-74.015579
New York College of Health Professions,http://nycollege.edu,NY,"6851 Jericho Turnpike Suite 210, Syosset, NY 11791, USA",40.8110989,-73.5159222
New York Film Academy,http://nyfa.edu,NY,"17 BATTERY PL, NEW YORK, NY 10004",40.705598,-74.0158193
New York Institute of Technology,http://nyit.edu,NY,"NORTHERN BLVD, OLD WESTBURY, NY 11568",40.8144706,-73.6117448
New York University,http://nyu.edu,NY,"New York, NY, USA",40.7127753,-74.0059728
State University of New York at Oneonta,http://oneonta.edu,NY,"108 Ravine Pkwy, Oneonta, NY 13820, USA",42.4689737,-75.0625748
State University of New York at Oswego,http://oswego.edu,NY,"7060 NY 104, Oswego, NY 13126, USA",43.4542181,-76.5408426
Pace University,http://pace.edu,NY,"One Pace Plaza, New York, NY 10038, USA",40.710974,-74.0047486
Paul Smith's College,http://paulsmiths.edu,NY,"7777 STATE ROUTE 30, PAUL SMITHS, NY 12970",44.4346405,-74.2559456
State University of New York at Plattsburgh,http://plattsburgh.edu,NY,"101 Broad St, Plattsburgh, NY 12901, USA",44.6930943,-73.4666928
State University of New York at Potsdam,http://potsdam.edu,NY,"44 Pierrepont Ave, Potsdam, NY 13676, USA",44.6615219,-74.973023
Pratt Institute,http://pratt.edu,NY,"200 Willoughby Ave, Brooklyn, NY 11205, USA",40.6917997,-73.9649524
Purchase College,http://purchase.edu,NY,"735 Anderson Hill Rd, Purchase, NY 10577, USA",41.0485441,-73.7053093
Rochester Institute of Technology,http://rit.edu,NY,"1 Lomb Memorial Dr, Rochester, NY 14623, USA",43.0839247,-77.6746139
Roberts Wesleyan College,http://roberts.edu,NY,"2301 Westside Dr, Rochester, NY 14624, USA",43.124714,-77.7988541
University of Rochester,http://rochester.edu,NY,"WILSON BLVD - WALLIS HALL, ROCHESTER, NY 14627",43.1263958,-77.6311747
Rensselaer Polytechnic Institute,http://rpi.edu,NY,"110 8th St, Troy, NY 12180, USA",42.7294513,-73.6792259
The Sages Colleges,http://sage.edu,NY,"65 1st Street, Troy, NY 12180",42.7288963,-73.6935589
Saint Bonaventure University,http://sbu.edu,NY,"3261 W State St, St Bonaventure, NY 14778, USA",42.0802888,-78.4830041
The New York Conservatory for Dramatic Arts,http://sft.edu,NY,"39 W 19th St, New York, NY 10011, USA",40.7400897,-73.9934044
Siena College,http://siena.edu,NY,"515 New Loudon Rd, Loudonville, NY 12211, USA",42.716635,-73.7523365
Saint John Fisher College,http://sjfc.edu,NY,"3690 East Ave, Rochester, NY 14618, USA",43.1159106,-77.511753
Skidmore College,http://skidmore.edu,NY,"815 N Broadway, Saratoga Springs, NY 12866, USA",43.0970833,-73.7852912
Sarah Lawrence College,http://slc.edu,NY,"1 Mead Way, Bronxville, NY 10708, USA",40.9342586,-73.8468915
Saint Bernard's School of Theology and Ministry,http://stbernards.edu,NY,"Simboli Hall, 9 Lake Street, Brighton, MA 02135, USA",42.3417388,-71.1644785
Saint John's University,http://stjohns.edu,NY,"8000 UTOPIA PKY, QUEENS, NY 11439",40.721591,-73.7946869
Saint Lawrence University,http://stlawu.edu,NY,"23 Romoda Dr, Canton, NY 13617, USA",44.5918527,-75.1612488
Stony Brook University,http://stonybrook.edu,NY,"100 Nicolls Rd, Stony Brook, NY 11794, USA",40.908679,-73.1151395
Stony Brook Medicine,http://stonybrookmedicine.edu,NY,"100 Nicolls Rd, Stony Brook, NY 11794, USA",40.908679,-73.1151395
The College of Saint Rose,http://strose.edu,NY,"432 Western Ave, Albany, NY 12203, USA",42.6640071,-73.785568
State University of New York,http://suny.edu,NY,"New York, NY, USA",40.7127753,-74.0059728
State University of New York at Adirondack,http://sunyacc.edu,NY,"640 BAY RD, QUEENSBURY, NY 12804",43.354045,-73.655031
State University of New Institute of Technology,http://sunyit.edu,NY,"100 Seymour Rd, Utica NY 13502",43.1351651,-75.2279343
Jamestown Community College,http://sunyjcc.edu,NY,"525 Falconer St, Jamestown, NY 14701, USA",42.1174982,-79.2192058
Orange County Community College,http://sunyorange.edu,NY,"115 South St, Middletown, NY 10940, USA",41.4383074,-74.426915
Rockland Community College,http://sunyrockland.edu,NY,"145 College Rd, Suffern, NY 10901, USA",41.1343696,-74.0862796
Suffolk County Community College,http://sunysuffolk.edu,NY,"Ammerman Campus, 533 College Rd, Selden, NY 11784, USA",40.8470003,-73.0538644
Westchester Community College,http://sunywcc.edu,NY,"75 Grasslands Rd, Valhalla, NY 10595, USA",41.0674185,-73.7895205
Syracuse University,http://syr.edu,NY,"900 S Crouse Ave, Syracuse, NY 13244, USA",43.049345,-76.138055
Tompkins Cortland Community College,http://tc3.edu,NY,"170 North St, Dryden, NY 13053, USA",42.5026424,-76.2865588
The Touro College and University System,http://touro.edu,NY,"1602 Avenue J, Brooklyn, NY 11230",40.6250686,-73.9599991
Touro College Jacob D. Fuchsberg Law Center,http://tourolaw.edu,NY,"225 Eastview Dr, Central Islip, NY 11722, USA",40.7621899,-73.1877853
Union College,http://union.edu,NY,"807 Union St, Schenectady, NY 12308, USA",42.8172759,-73.9299329
Upstate  Medical University,http://upstate.edu,NY,"750 E Adams St, Syracuse, NY 13210, USA",43.0424198,-76.1398641
United States Military Academy West Point,http://usma.edu,NY,"606 Thayer Rd, West Point, NY 10996, USA",41.3889399,-73.9568686
Utica College,http://utica.edu,NY,"1600 Burrstone Rd, Utica, NY 13502, USA",43.0970187,-75.2720983
Vassar College,http://vassar.edu,NY,"124 Raymond Ave, Poughkeepsie, NY 12604, USA",41.6878091,-73.8968047
Wagner College,http://wagner.edu,NY,"1 Campus Rd, Staten Island, NY 10301, USA",40.6145856,-74.0908611
Wells College,http://wells.edu,NY,"170 Main St, Aurora, NY 13026, USA",42.7442687,-76.6965816
Yeshiva University,http://yu.edu,NY,"500 W 185th St, New York, NY 10033, USA",40.850549,-73.9298309
Canton State University of New York,http://canton.edu,NY,"34 Cornell Dr, Canton, NY 13617, USA",44.6013495,-75.1831272
Excelsior College,http://excelsior.edu,NY,"7 Columbia Cir, Albany, NY 12203, USA",42.7054344,-73.8629487
Culinary Institute of America,http://ciachef.edu,NY,"1946 Campus Dr, Hyde Park, NY 12538, USA",41.7457259,-73.9327674
Allegheny College,http://allegheny.edu,PA,"520 N Main St, Meadville, PA 16335, USA",41.6482949,-80.1454261
Alvernia University,http://alvernia.edu,PA,"400 St Bernardine St, Reading, PA 19607, USA",40.3108142,-75.9353044
Arcadia University,http://arcadia.edu,PA,"450 S Easton Rd, Glenside, PA 19038, USA",40.090777,-75.1658017
Baptist Bible College & Seminary,http://bbc.edu,PA,"628 E Kearney St, Springfield, MO 65803, USA",37.2401984,-93.2841826
Butler County Community College,http://bc3.edu,PA,"107 College Dr, Butler, PA 16002, USA",40.8294336,-79.9126882
Bloomsburg University,http://bloomu.edu,PA,"400 E 2nd St, Bloomsburg, PA 17815, USA",41.0079402,-76.4472892
Bryn Mawr College,http://brynmawr.edu,PA,"101 N Merion Ave, Bryn Mawr, PA 19010, USA",40.0255117,-75.3131111
Bucknell University,http://bucknell.edu,PA,"One Dent Dr, Lewisburg, PA 17837, USA",40.9552936,-76.8844831
Bucks County Community College,http://bucks.edu,PA,"275 Swamp Rd, Newtown, PA 18940, USA",40.2374415,-74.9624544
California University of Pennsylvania,http://calu.edu,PA,"250 University Ave, California, PA 15419, USA",40.0656054,-79.8859198
Carlow University,http://carlow.edu,PA,"3333 Fifth Ave, Pittsburgh, PA 15213, USA",40.4389338,-79.9631161
Community College of Allegheny County,http://ccac.edu,PA,"800 ALLEGHENY AVE, PITTSBURGH, PA 15233",40.450889,-80.0184712
Community College of Philadelphia,http://ccp.edu,PA,"1700 SPRING GARDEN ST, PHILADELPHIA, PA 19130",39.9621811,-75.1656649
Cedar Crest College,http://cedarcrest.edu,PA,"100 College Dr, Allentown, PA 18104, USA",40.5860501,-75.5192416
Chatham University,http://chatham.edu,PA,"Woodland Rd, Pittsburgh, PA 15232, USA",40.4477829,-79.923504
Chestnut Hill College,http://chc.edu,PA,"9601 Germantown Ave #20, Philadelphia, PA 19118, USA",40.0851538,-75.2288928
Clarion University,http://clarion.edu,PA,"840 Wood St, Clarion, PA 16214, USA",41.2104564,-79.3802567
Carnegie Mellon University,http://cmu.edu,PA,"5000 Forbes Ave, Pittsburgh, PA 15213, USA",40.4426781,-79.9457254
Delaware County Community College,http://dccc.edu,PA,"901 Media Line Rd, Media, PA 19063, USA",39.9674581,-75.3928612
Delaware Valley College,http://delval.edu,PA,"700 E Butler Ave, Doylestown, PA 18901, USA",40.2986897,-75.1595587
Dickinson College,http://dickinson.edu,PA,"28 N College St, Carlisle, PA 17013, USA",40.2030007,-77.1968606
Drexel University,http://drexel.edu,PA,"3141 Chestnut St, Philadelphia, PA 19104, USA",39.9540928,-75.1868606
Drexel University College of Medicine,http://drexelmed.edu,PA,"2900 W Queen Ln, Philadelphia, PA 19129, USA",40.0188996,-75.1791506
Duquesne University,http://duq.edu,PA,"600 Forbes Ave, Pittsburgh, PA 15282, USA",40.436677,-79.9904974
Eastern University,http://eastern.edu,PA,"1300 Eagle Rd, St Davids, PA 19087, USA",40.0504371,-75.3702118
Edinboro University,http://edinboro.edu,PA,"219 Meadville St, Edinboro, PA 16444, USA",41.8713002,-80.1283606
Elizabethtown College,http://etown.edu,PA,"1 Alpha Dr, Elizabethtown, PA 17022, USA",40.1496953,-76.5915359
Evangelical Seminary,http://evangelical.edu,PA,"121 S College St, Myerstown, PA 17067, USA",40.372855,-76.307001
Franklin & Marshall College,http://fandm.edu,PA,"637 COLLEGE AVE, LANCASTER, PA 17604",40.0475052,-76.3178994
Saint Francis University,http://francis.edu,PA,"132 Franciscan Way, Loretto, PA 15940, USA",40.5034666,-78.6369558
Grove City College,http://gcc.edu,PA,"100 Campus Dr, Grove City, PA 16127, USA",41.1557198,-80.0813869
Geneva College,http://geneva.edu,PA,"3200 College Ave, Beaver Falls, PA 15010, USA",40.7716554,-80.3222696
Gettysburg College,http://gettysburg.edu,PA,"300 N Washington St, Gettysburg, PA 17325, USA",39.8358539,-77.2345482
Harrisburg Area Community College,http://hacc.edu,PA,"1 HACC Dr, Harrisburg, PA 17110, USA",40.2948659,-76.8861932
Haverford College,http://haverford.edu,PA,"370 Lancaster Ave, Haverford, PA 19041, USA",40.0104386,-75.306187
Holy Family University,http://holyfamily.edu,PA,"9801 Frankford Ave, Philadelphia, PA 19114, USA",40.0605054,-74.9886412
Indiana University of Pennsylvania,http://iup.edu,PA,"1011 SOUTH DR 201 SUTTON HALL, INDIANA, PA 15705",40.6173325,-79.1582925
Thomas Jefferson University,http://jefferson.edu,PA,"4201 Henry Ave, Philadelphia, PA 19144, USA",40.0231719,-75.1942263
Juniata College,http://juniata.edu,PA,"1700 Moore St, Huntingdon, PA 16652, USA",40.5005021,-78.017332
Keystone College,http://keystone.edu,PA,"1 College Rd, La Plume, PA 18440, USA",41.5594535,-75.7764972
King's College,http://kings.edu,PA,"133 N RIVER ST, WILKES-BARRE, PA 18711",41.2499979,-75.8792655
Kutztown University,http://kutztown.edu,PA,"15200 Kutztown Rd, Kutztown, PA 19530, USA",40.5087082,-75.7831784
Lackawanna College,http://lackawanna.edu,PA,"501 Vine St, Scranton, PA 18509, USA",41.4115803,-75.6589525
Lafayette College,http://lafayette.edu,PA,"730 High St, Easton, PA 18042, USA",40.7002085,-75.2079306
Lancaster County Career and Technology Center,http://lancasterctc.edu,PA,"1730 Hans Herr Dr, Willow Street, PA 17584, USA",39.9859783,-76.2673471
Lancaster Theological Seminary,http://lancasterseminary.edu,PA,"555 W James St, Lancaster, PA 17603, USA",40.0461254,-76.3179794
La Roche College,http://laroche.edu,PA,"9000 Babcock Blvd, Pittsburgh, PA 15237, USA",40.5688675,-80.0137188
La Salle University,http://lasalle.edu,PA,"1900 W Olney Ave, Philadelphia, PA 19141, USA",40.0391519,-75.1535381
Lehigh Carbon Community College,http://lccc.edu,PA,"4525 Education Park Dr, Schnecksville, PA 18078, USA",40.6638381,-75.612015
Lake Erie College of Osteopathic Medicine,http://lecom.edu,PA,"1858 W Grandview Blvd, Erie, PA 16509, USA",42.0813805,-80.1062374
Lehigh University,http://lehigh.edu,PA,"27 Memorial Dr W, Bethlehem, PA 18015, USA",40.6061702,-75.3805336
Lock Haven University,http://lhup.edu,PA,"401 N Fairview St, Lock Haven, PA 17745, USA",41.1407091,-77.4611467
The Lincoln University,http://lincoln.edu,PA,"1570 BALTIMORE PIKE, LINCOLN UNIVERSITY, PA 19352",39.8083776,-75.9308719
Lansdale School of Business,http://lsb.edu,PA,"290 Wissahickon Ave, North Wales, PA 19454, USA",40.2237656,-75.284825
Lebanon Valley College,http://lvc.edu,PA,"101 College Ave, Annville, PA 17003, USA",40.3304191,-76.5161748
Lycoming College,http://lycoming.edu,PA,"One College Pl, Williamsport, PA 17701, USA",41.2359613,-77.0184671
Manor College,http://manor.edu,PA,"700 Fox Chase Rd, Jenkintown, PA 19046, USA",40.0866542,-75.1043207
Mansfield University,http://mansfield.edu,PA,"31 S Academy St, Mansfield, PA 16933, USA",41.8069322,-77.0742464
Marywood University,http://marywood.edu,PA,"2300 Adams Ave, Scranton, PA 18509, USA",41.4329405,-75.6292875
Montgomery County Community College,http://mc3.edu,PA,"340 Dekalb Pike, Blue Bell, PA 19422, USA",40.1771873,-75.279396
Mercyhurst University,http://mercyhurst.edu,PA,"501 E 38th St, Erie, PA 16546, USA",42.1050088,-80.0537349
Messiah College,http://messiah.edu,PA,"One College Ave., Mechanicsburg, PA 17055, USA",40.1576193,-76.9910518
Millersville University,http://millersville.edu,PA,"40 Dilworth Rd, Millersville, PA 17551, USA",40.000306,-76.3573944
Misericordia University,http://misericordia.edu,PA,"301 Lake Street, Dallas, PA 18612, USA",41.3443717,-75.9733062
Moravian College,http://moravian.edu,PA,"1200 Main St, Bethlehem, PA 18018, USA",40.6310682,-75.3809258
Mount Aloysius College,http://mtaloy.edu,PA,"7373 Admiral Peary Hwy, Cresson, PA 16630, USA",40.4600912,-78.6027201
Muhlenberg College,http://muhlenberg.edu,PA,"2400 W Chew St, Allentown, PA 18104, USA",40.5964283,-75.5121111
Neumann University,http://neumann.edu,PA,"1 Neumann Dr, Aston, PA 19014, USA",39.8747691,-75.4405533
Northampton Community College,http://northampton.edu,PA,"3835 Green Pond Rd, Bethlehem, PA 18020, USA",40.6757668,-75.3277121
Pennsylvania Gunsmith School,http://pagunsmith.edu,PA,"812 Ohio River Blvd, Avalon, PA 15202, USA",40.4965792,-80.0688274
Philadelphia College of Osteopathic Medicine,http://pcom.edu,PA,"4170 City Ave, Philadelphia, PA 19131, USA",40.0047037,-75.2161818
Pennsylvania College of Technology,http://pct.edu,PA,"1 College Ave, Williamsport, PA 17701, USA",41.2345243,-77.0286047
Philadelphia University,http://philau.edu,PA,"4201 Henry Ave, Philadelphia, PA 19144, USA",40.0231719,-75.1942263
University of Pittsburgh,http://pitt.edu,PA,"4200 Fifth Ave, Pittsburgh, PA 15260, USA",40.4442519,-79.9533419
Penn State University,http://psu.edu,PA,"201 OLD MAIN, UNIVERSITY PARK, PA 16802",40.796481,-77.8628412
Reading Area Community College,http://racc.edu,PA,"10 S 2nd St, Reading, PA 19602, USA",40.3344886,-75.9360722
Robert Morris University,http://rmu.edu,PA,"6001 University Blvd, Moon Twp, PA 15108, USA",40.5205465,-80.2107388
Saint Vincent Seminary,http://saintvincentseminary.edu,PA,"300 Fraser Purchase Rd, Latrobe, PA 15650, USA",40.2920224,-79.401946
Salus University,http://salus.edu,PA,"8360 Old York Rd, Elkins Park, PA 19027, USA",40.0863379,-75.1291095
The University of Scranton,http://scranton.edu,PA,"800 Linden St, Scranton, PA 18510, USA",41.4065148,-75.6569532
Shippensburg University,http://ship.edu,PA,"1871 Old Main Dr, Shippensburg, PA 17257, USA",40.0578944,-77.5224378
Saint Joseph's University,http://sju.edu,PA,"5600 CITY AVE, PHILADELPHIA, PA 19131",39.9943837,-75.2384129
Slippery Rock University,http://sru.edu,PA,"1 MORROW WAY, SLIPPERY ROCK, PA 16057",41.0611791,-80.0444591
Saint Vincent College,http://stvincent.edu,PA,"300 Fraser Purchase Rd, Latrobe, PA 15650, USA",40.2920224,-79.401946
Susquehanna University,http://susqu.edu,PA,"514 University Ave, Selinsgrove, PA 17870, USA",40.7997297,-76.8704117
Swarthmore College,http://swarthmor.edu,PA,"500 College Ave, Swarthmore, PA 19081, USA",39.9051606,-75.354207
Temple University,http://temple.edu,PA,"1801 N Broad St, Philadelphia, PA 19122, USA",39.9803181,-75.1570252
The  American College of Financial Services,http://theamericancollege.edu,PA,"630 Allendale Rd #400, King of Prussia, PA 19406, USA",40.1015321,-75.3947005
Thiel College,http://thiel.edu,PA,"75 College Ave, Greenville, PA 16125, USA",41.4119499,-80.3838714
University of the Arts,http://uarts.edu,PA,"320 S Broad St, Philadelphia, PA 19102, USA",39.9460165,-75.1655792
University of Pennsylvania,http://upenn.edu,PA,"34TH & SPRUCE ST, PHILADELPHIA, PA 19104",39.9504425,-75.1925902
University of the Sciences in Philadelphia,http://usciences.edu,PA,"600 S 43rd St, Philadelphia, PA 19104, USA",39.9449321,-75.2089608
Valley Forge Christian College,http://vfcc.edu,PA,"1401 Charlestown Rd, Phoenixville, PA 19460, USA",40.1176921,-75.5467109
Villanova University,http://villanova.edu,PA,"800 Lancaster Ave, Villanova, PA 19085, USA",40.0369846,-75.3444079
Washington and Jefferson  College,http://washjeff.edu,PA,"60 S Lincoln St, Washington, PA 15301, USA",40.1705192,-80.240583
Westmoreland County Community College,http://wccc.edu,PA,"145 Pavilion Ln, Youngwood, PA 15697, USA",40.2343645,-79.5647341
West  Chester University,http://wcupa.edu,PA,"700 S High St, West Chester, PA 19383, USA",39.9533579,-75.5983935
Westminster College,http://westminster.edu,PA,"319 S Market St, New Wilmington, PA 16172, USA",41.1198678,-80.3322642
Widener University,http://widener.edu,PA,"One University Pl, Chester, PA 19013, USA",39.8615674,-75.35517
Wilkes University,http://wilkes.edu,PA,"84 W South St, Wilkes-Barre, PA 18766, USA",41.2441949,-75.8902177
Wilson College,http://wilson.edu,PA,"1015 Philadelphia Ave, Chambersburg, PA 17201, USA",39.9494403,-77.6520118
York College of Pennsylvania,http://ycp.edu,PA,"441 Country Club Rd, York, PA 17403, USA",39.9467464,-76.7281509
Pennsylvania Academy of the Fine Arts,http://pafa.edu,PA,"118-128 N Broad St, Philadelphia, PA 19102, USA",39.9556147,-75.1634761
East Stroudsburg University,http://esu.edu,PA,"200 Prospect St, East Stroudsburg, PA 18301, USA",40.993866,-75.1762894
Ursinus College,http://ursinus.edu,PA,"601 E Main St, Collegeville, PA 19426, USA",40.1943906,-75.4570332
DeSales University,http://desales.edu,PA,"2755 Station Ave, Center Valley, PA 18034, USA",40.5427825,-75.3763318
Lancaster Bible College,http://lbc.edu,PA,"901 Eden Rd, Lancaster, PA 17601, USA",40.0736288,-76.2881167
Cheyney University of Pennsylvania,http://cheyney.edu,PA,"Cheyney, Thornbury Township, PA, USA",39.933506,-75.5254286
Averett University,http://averett.edu,VA,"420 W Main St, Danville, VA 24541, USA",36.5793098,-79.4142591
Christendom College,http://christendom.edu,VA,"134 Christendom Dr, Front Royal, VA 22630, USA",38.9498972,-78.1463329
Christopher Newport University,http://cnu.edu,VA,"1 Avenue of the Arts, Newport News, VA 23606, USA",37.0614107,-76.4915969
Dabney S. Lancaster Community College,http://dslcc.edu,VA,"1000 College Drive, Clifton Forge, VA 24422, USA",37.8111984,-79.8525631
Eastern Mennonite University,http://emu.edu,VA,"1200 Park Rd, Harrisonburg, VA 22802, USA",38.4720566,-78.8787092
Eastern Virginia Medical School,http://evms.edu,VA,"825 Fairfax Ave, Norfolk, VA 23507, USA",36.8604506,-76.3035708
Ferrum College,http://ferrum.edu,VA,"215 Ferrum Mountain Rd, Ferrum, VA 24088, USA",36.9264771,-80.0206987
Germanna Community College,http://germanna.edu,VA,"2130 GERMANNA HWY, LOCUST GROVE, VA 22508",38.3748331,-77.7795147
George Mason University,http://gmu.edu,VA,"4400 University Dr, Fairfax, VA 22030, USA",38.834972,-77.307994
Hampden-Sydney College,http://hsc.edu,VA,"172 Via Sacra, Hampden Sydney, VA 23943, USA",37.2412373,-78.4627449
The Institute for the Psychological Sciences,http://ipsciences.edu,VA,"45154 Underwood Ln, Sterling, VA 20166, USA",38.9797133,-77.4374954
James Madison University,http://jmu.edu,VA,"800 S Main St, Harrisonburg, VA 22807, USA",38.4404491,-78.8716245
Liberty University,http://liberty.edu,VA,"1971 University Blvd, Lynchburg, VA 24515, USA",37.3509028,-79.1778415
Longwood University,http://longwood.edu,VA,"201 High St, Farmville, VA 23901, USA",37.2973091,-78.3968459
Marymount University,http://marymount.edu,VA,"2807 N Glebe Rd, Arlington, VA 22207, USA",38.9056645,-77.1272135
New River Community College,http://nr.edu,VA,"5251 State Rd 373, Dublin, VA 24084, USA",37.105181,-80.696477
Norfolk State University,http://nsu.edu,VA,"700 Park Ave, Norfolk, VA 23504, USA",36.8465959,-76.2614535
Northern Virginia Community College,http://nvcc.edu,VA,"8333 Little River Turnpike, Annandale, VA 22003, USA",38.834126,-77.2366535
Old Dominion University,http://odu.edu,VA,"5115 Hampton Blvd, Norfolk, VA 23529, USA",36.8889555,-76.3035501
Radford University,http://radford.edu,VA,"801 E Main St, Radford, VA 24142, USA",37.1398766,-80.5510635
Randolph College,http://randolphcollege.edu,VA,"2500 Rivermont Ave, Lynchburg, VA 24503, USA",37.4375817,-79.1732351
Rappahannock Community College,http://rappahannock.edu,VA,"52 Campus Dr, Warsaw, VA 22572, USA",37.956921,-76.762236
Regent University,http://regent.edu,VA,"1000 Regent University Dr, Virginia Beach, VA 23464, USA",36.8009596,-76.1937881
Reynolds Community College,http://reynolds.edu,VA,"1651 E Parham Rd, Richmond, VA 23228, USA",37.6369156,-77.4738562
University of Richmond,http://richmond.edu,VA,"410 Westhampton Way, Richmond, VA 23173, USA",37.5751669,-77.5407146
Randolph-Macon College,http://rmc.edu,VA,"114 College Ave, Ashland, VA 23005, USA",37.7631796,-77.4773666
Roanoke College,http://roanoke.edu,VA,"221 College Ln, Salem, VA 24153, USA",37.2956975,-80.0558935
Sentara College of Health Sciences,http://sentara.edu,VA,"1441 Crossways Blvd, Chesapeake, VA 23320, USA",36.7769666,-76.2426497
Stratford University,http://stratford.edu,VA,"2900 Eisenhower Ave, Pimmit, VA 22043, USA",38.8017441,-77.0829777
Shenandoah University,http://su.edu,VA,"1460 University Dr, Winchester, VA 22601, USA",39.1660132,-78.1583626
Southern Virgina University,http://svu.edu,VA,"1 University Hill Dr, Buena Vista, VA 24416, USA",37.7406365,-79.35111
Southwest Virgina Community College,http://sw.edu,VA,"635 Community College Rd, Cedar Bluff, VA 24609, USA",37.0054947,-81.7964178
Tidewater Community College,http://tcc.edu,VA,"121 COLLEGE PL, NORFOLK, VA 23510",36.850098,-76.2913302
Thomas Nelson Community College,http://tncc.edu,VA,"99 THOMAS NELSON DR, HAMPTON, VA 23666",37.0634225,-76.4186005
University of Mary Washington,http://umw.edu,VA,"1301 College Ave, Fredericksburg, VA 22401, USA",38.30093,-77.4748672
University of Virginia's College at Wise,http://uvawise.edu,VA,"1 COLLEGE AVE, WISE, VA 24293",36.9712944,-82.5596251
Virginia Commonwealth University,http://vcu.edu,VA,"907 Floyd Ave, Richmond, VA 23284, USA",37.546508,-77.45346
Virgina Highlands Community College,http://vhcc.edu,VA,"100 VHCC Dr, Abingdon, VA 24210, USA",36.6994053,-82.001486
Virginia Institute of Marine Science,http://vims.edu,VA,"1370 Greate Rd, Gloucester Point, VA 23062, USA",37.249511,-76.500666
University of Virginia,http://virginia.edu,VA,"1827 UNIVERSITY AVE, CHARLOTTESVILLE, VA 22903",38.0370443,-78.5026341
Virginia Western Community College,http://virginiawestern.edu,VA,"3094 Colonial Ave SW, Roanoke, VA 24015, USA",37.2449537,-79.9730387
Virginia International University,http://viu.edu,VA,"4401 Village Dr, Fairfax, VA 22030, USA",38.8491172,-77.3477964
Virginia State University,http://vsu.edu,VA,"1 Hayden St, Petersburg, VA 23806, USA",37.2364741,-77.4198996
Virginia Polytechnic Institute and State University,http://vt.edu,VA,"210 BURRUSS HALL 800 DRILLFIELD DR, BLACKSBURG, VA 24061",37.2290204,-80.4236927
Virginia Union University,http://vuu.edu,VA,"1500 N Lombardy St, Richmond, VA 23220, USA",37.5614256,-77.4510335
Virginia Wesleyan College,http://vwc.edu,VA,"5817 Wesleyan Dr, Virginia Beach, VA 23455, USA",36.867448,-76.1866336
Washington and Lee University,http://wlu.edu,VA,"204 W Washington St, Lexington, VA 24450, USA",37.786273,-79.444062
The College of William and Mary,http://wm.edu,VA,"200 Stadium Dr, Williamsburg, VA 23185, USA",37.2717531,-76.7142946