Fighter,Links
ABDUL RAZAK ALHASSAN,['https://www.tapology.com/fightcenter/fighters/59306-abdul-razak-alhassan']
JESSE BUTLER,"['https://www.tapology.com/fightcenter/fighters/39845-jessie-butler', 'https://www.tapology.com/fightcenter/fighters/211817-jesse-butler']"
KELVIN GASTELUM,['https://www.tapology.com/fightcenter/fighters/41355-kelvin-gastelum']
CHRIS GUTIERREZ,"['https://www.tapology.com/fightcenter/fighters/34369-chris-gutierrez', 'https://www.tapology.com/fightcenter/fighters/38976-chris-gutierrez', 'https://www.tapology.com/fightcenter/fighters/47386-chris-gutierrez', 'https://www.tapology.com/fightcenter/fighters/80470-christopher-gutierrez', 'https://www.tapology.com/fightcenter/fighters/173020-christian1-gutierrez']"
VICTOR HENRY,"['https://www.tapology.com/fightcenter/fighters/29255-victor-henry', 'https://www.tapology.com/fightcenter/fighters/326375-henry-cavalcante']"
BRYAN BARBERENA,['https://www.tapology.com/fightcenter/fighters/16876-bryan-barberena']
ALEXANDER HERNANDEZ,"['https://www.tapology.com/fightcenter/fighters/46253-alexander-hernandez', 'https://www.tapology.com/fightcenter/fighters/376129-alexander-hernandez', 'https://www.tapology.com/fightcenter/fighters/297029-alexander-hernandez', 'https://www.tapology.com/fightcenter/fighters/404505-alexander-hernandez', 'https://www.tapology.com/fightcenter/fighters/205201-joseph-alexander-hernandez-twinkle-fingers']"
JOE LAUZON,['https://www.tapology.com/fightcenter/fighters/joe-lauzon-j-lau']
NEIL MAGNY,['https://www.tapology.com/fightcenter/fighters/16456-aoutneil-magny']
TERRENCE MITCHELL,['https://www.tapology.com/fightcenter/fighters/43175-terrence-mitchell']
ANDRE PETROSKI,['https://www.tapology.com/fightcenter/fighters/123353-andre-petroski']
ZACHARY REESE,['https://www.tapology.com/fightcenter/fighters/35756-zack-reese']
RYAN SPANN,['https://www.tapology.com/fightcenter/fighters/20908-ryan-spann']
PETER PETTIES,['https://www.tapology.com/fightcenter/fighters/62070-peter-petties']
BO NICKAL,['https://www.tapology.com/fightcenter/fighters/244627-bo-nickal']
MATT FREVOLA,['https://www.tapology.com/fightcenter/fighters/83149-matt-frevola']
CALVIN KATTAR,['https://www.tapology.com/fightcenter/fighters/calvin-kattar-the-boston-finisher']
BELAL MUHAMMAD,['https://www.tapology.com/fightcenter/fighters/32797-belal-muhammad']
KENNEDY NZECHUKWU,['https://www.tapology.com/fightcenter/fighters/119288-kennedy-nzechukwu']
JUANCAMILO RONDEROS,['https://www.tapology.com/fightcenter/fighters/87976-juancamilo-ronderos']
JOSIAH HARRELL,['https://www.tapology.com/fightcenter/fighters/199898-josiah-harrell']
JONNY PARSONS,['https://www.tapology.com/fightcenter/fighters/99713-johnny-parsons']
JOE SOLECKI,['https://www.tapology.com/fightcenter/fighters/116995-joseph-solecki']
KEVIN HOLLAND,"['https://www.tapology.com/fightcenter/fighters/35757-kevin-holland', 'https://www.tapology.com/fightcenter/fighters/217764-kevin-holland']"
KHAOS WILLIAMS,['https://www.tapology.com/fightcenter/fighters/97154-kalinn-williams']
CLAYTON CARPENTER,"['https://www.tapology.com/fightcenter/fighters/92011-clayton-carpenter', 'https://www.tapology.com/fightcenter/fighters/clay-guida-the-carpenter', 'https://www.tapology.com/fightcenter/fighters/20030-clayton-carpenter']"
RICO DISCIULLO,['https://www.tapology.com/fightcenter/fighters/rico-disciullo']
DEVIN CLARK,['https://www.tapology.com/fightcenter/fighters/23218-devin-clark']
BASSIL HAFEZ,['https://www.tapology.com/fightcenter/fighters/36621-bassil-hafez']
JOURNEY NEWSON,['https://www.tapology.com/fightcenter/fighters/41203-journey-newson']
JOSHUA VAN,"['https://www.tapology.com/fightcenter/fighters/254261-joshua-thawng', 'https://www.tapology.com/fightcenter/fighters/20603-josh-vancza', 'https://www.tapology.com/fightcenter/fighters/43441-jasha-vann', 'https://www.tapology.com/fightcenter/fighters/61831-joshua-grevas-vanilla-guerilla']"
NATE LANDWEHR,['https://www.tapology.com/fightcenter/fighters/26263-nate-landwehr']
ERYK ANDERS,['https://www.tapology.com/fightcenter/fighters/30666-eryk-anders']
NICK DIAZ,"['https://www.tapology.com/fightcenter/fighters/nick-diaz', 'https://www.tapology.com/fightcenter/fighters/54717-eduardo-garvon-nick-diaz']"
GILBERT URBINA,['https://www.tapology.com/fightcenter/fighters/68420-gilbert-urbina']
DOMINICK REYES,['https://www.tapology.com/fightcenter/fighters/61438-dominick-reyes']
JAMES GRAY,"['https://www.tapology.com/fightcenter/fighters/46244-james-grey', 'https://www.tapology.com/fightcenter/fighters/15467-james-gray', 'https://www.tapology.com/fightcenter/fighters/314917-james-winston-gray', 'https://www.tapology.com/fightcenter/fighters/95421-bryson-kurk']"
OVINCE SAINT PREUX,['https://www.tapology.com/fightcenter/fighters/ovince-st-preux']
MIKE MALOTT,['https://www.tapology.com/fightcenter/fighters/22740-mike-malott']
KURT HOLOBAUGH,['https://www.tapology.com/fightcenter/fighters/27877-kurt-holobaugh']
MANNY VAZQUEZ,"['https://www.tapology.com/fightcenter/fighters/49516-manny-vazquez', 'https://www.tapology.com/fightcenter/fighters/215030-emmanuel-rodriguez']"
KAMUELA KIRK,['https://www.tapology.com/fightcenter/fighters/66705-kamuela-kirk']
THE PREDATOR,"['https://www.tapology.com/fightcenter/fighters/66843-roosevelt-roberts', 'https://www.tapology.com/fightcenter/fighters/patrick-cote-the-predator', 'https://www.tapology.com/fightcenter/fighters/don-frye-the-predator', 'https://www.tapology.com/fightcenter/fighters/21215-dez-green', 'https://www.tapology.com/fightcenter/fighters/28584-stephen-regman', 'https://www.tapology.com/fightcenter/fighters/52113-ruslan-abiltarov-the-predator', 'https://www.tapology.com/fightcenter/fighters/64378-francis-ngannou', 'https://www.tapology.com/fightcenter/fighters/90017-umar-yankovskiy-the-predator', 'https://www.tapology.com/fightcenter/fighters/99460-melinda-fbin', 'https://www.tapology.com/fightcenter/fighters/116752-gamzat-hiramagomedov', 'https://www.tapology.com/fightcenter/fighters/126160-wojciech-kazieczko', 'https://www.tapology.com/fightcenter/fighters/178106-kristina-pettigrew', 'https://www.tapology.com/fightcenter/fighters/brian-rogers-the-predator', 'https://www.tapology.com/fightcenter/fighters/33088-daniel-james', 'https://www.tapology.com/fightcenter/fighters/100154-ryan-parker', 'https://www.tapology.com/fightcenter/fighters/185867-davi-young', 'https://www.tapology.com/fightcenter/fighters/380266-juan-varela', 'https://www.tapology.com/fightcenter/fighters/6115-sylvester-terkay-the-predator', 'https://www.tapology.com/fightcenter/fighters/7283-iman-achhal-the-predator', 'https://www.tapology.com/fightcenter/fighters/12240-matias-ezequiel-lemon-the-predator', 'https://www.tapology.com/fightcenter/fighters/13867-andrew-punshon', 'https://www.tapology.com/fightcenter/fighters/25939-angel-ortiz', 'https://www.tapology.com/fightcenter/fighters/28803-muhammad-hanif-bin-zainal-the-predator', 'https://www.tapology.com/fightcenter/fighters/31247-perry-andre-goodwin', 'https://www.tapology.com/fightcenter/fighters/32262-sarah-cook-the-terror', 'https://www.tapology.com/fightcenter/fighters/32374-ronnie-pierce', 'https://www.tapology.com/fightcenter/fighters/34280-paul-njoku', 'https://www.tapology.com/fightcenter/fighters/43699-charleston-aiken-the-predator', 'https://www.tapology.com/fightcenter/fighters/51471-paul-kelly', 'https://www.tapology.com/fightcenter/fighters/52524-jason-preston', 'https://www.tapology.com/fightcenter/fighters/53070-seantee-williams', 'https://www.tapology.com/fightcenter/fighters/53503-mike-fox', 'https://www.tapology.com/fightcenter/fighters/54675-anthony-arena', 'https://www.tapology.com/fightcenter/fighters/55067-taras-sapa', 'https://www.tapology.com/fightcenter/fighters/55891-zurab-betergaraev', 'https://www.tapology.com/fightcenter/fighters/60726-john-levenson-the-predator', 'https://www.tapology.com/fightcenter/fighters/62813-dami-ojo-powerson', 'https://www.tapology.com/fightcenter/fighters/77423-ahmed-ateya-the-predator', 'https://www.tapology.com/fightcenter/fighters/89319-andrew-smith', 'https://www.tapology.com/fightcenter/fighters/106839-david-weber', 'https://www.tapology.com/fightcenter/fighters/121008-kainoa-sims-the-predator', 'https://www.tapology.com/fightcenter/fighters/137496-puriya-nemati', 'https://www.tapology.com/fightcenter/fighters/141095-herold-jackson', 'https://www.tapology.com/fightcenter/fighters/145983-andrew-nay', 'https://www.tapology.com/fightcenter/fighters/149764-murthel-groenhart-the-predator', 'https://www.tapology.com/fightcenter/fighters/154966-patrick-antonides', 'https://www.tapology.com/fightcenter/fighters/190780-rick-pistone', 'https://www.tapology.com/fightcenter/fighters/240694-khaibula-musalov', 'https://www.tapology.com/fightcenter/fighters/247148-titus-taylor-the-predator', 'https://www.tapology.com/fightcenter/fighters/247894-alexander-firsanov', 'https://www.tapology.com/fightcenter/fighters/248340-murat-kipov-the-predator', 'https://www.tapology.com/fightcenter/fighters/261267-arif-magomedov-the-predator', 'https://www.tapology.com/fightcenter/fighters/265372-matt-vanda-the-predator', 'https://www.tapology.com/fightcenter/fighters/276713-richard-chiwururwi', 'https://www.tapology.com/fightcenter/fighters/292432-jerald-paclar-the-predator', 'https://www.tapology.com/fightcenter/fighters/293206-olivia-gerula-the-predator', 'https://www.tapology.com/fightcenter/fighters/302997-abid-boudhan-the-predator', 'https://www.tapology.com/fightcenter/fighters/407598-gilbert-fuentes-g-money', 'https://www.tapology.com/fightcenter/fighters/31880-amber-stautszenberger-the-apex-predator', 'https://www.tapology.com/fightcenter/fighters/106797-rasheed-oruce', 'https://www.tapology.com/fightcenter/fighters/395536-joseph-hefferle-the-celtic-predator']"
RONNIE LAWRENCE,['https://www.tapology.com/fightcenter/fighters/38205-ronnie-lawrence']
PHIL ROWE,['https://www.tapology.com/fightcenter/fighters/37289-philip-rowe']
ALEX REYES,"['https://www.tapology.com/fightcenter/fighters/8628-alex-reyes', 'https://www.tapology.com/fightcenter/fighters/256862-alexis-reyes-baby', 'https://www.tapology.com/fightcenter/fighters/80589-alex-reyes', 'https://www.tapology.com/fightcenter/fighters/137165-alex-reyes', 'https://www.tapology.com/fightcenter/fighters/161970-alex-reyes', 'https://www.tapology.com/fightcenter/fighters/300878-alexis-reyes', 'https://www.tapology.com/fightcenter/fighters/336866-alex-reyes', 'https://www.tapology.com/fightcenter/fighters/373005-alexander-palma-reyes', 'https://www.tapology.com/fightcenter/fighters/340167-ronny-reyes', 'https://www.tapology.com/fightcenter/fighters/400466-alexis-nunez', 'https://www.tapology.com/fightcenter/fighters/245590-jorge-alexis-reyes-garcia', 'https://www.tapology.com/fightcenter/fighters/349681-elian-alexander-rodriguez-reyes', 'https://www.tapology.com/fightcenter/fighters/298116-ramon-alexis-zazueta']"
PAT SABATINI,['https://www.tapology.com/fightcenter/fighters/29210-pat-sabatini']
LUIS SALDANA,"['https://www.tapology.com/fightcenter/fighters/20577-luis-saldana', 'https://www.tapology.com/fightcenter/fighters/384422-luis-saldana']"
DA'MON BLACKSHEAR,['https://www.tapology.com/fightcenter/fighters/78497-damon-blackshear']
JUSTIN GAETHJE,['https://www.tapology.com/fightcenter/fighters/16421-justin-gaethje']
ALEXANDER MUNOZ,"['https://www.tapology.com/fightcenter/fighters/81884-alex-munoz', 'https://www.tapology.com/fightcenter/fighters/222794-alexander-munoz-el-explosivo', 'https://www.tapology.com/fightcenter/fighters/251642-fidel-monterrosa-munoz', 'https://www.tapology.com/fightcenter/fighters/208661-alexander-rico-el-bebe', 'https://www.tapology.com/fightcenter/fighters/110866-alexander-pereira']"
SEAN O'MALLEY,['https://www.tapology.com/fightcenter/fighters/68186-sean-omalley']
TONY FERGUSON,['https://www.tapology.com/fightcenter/fighters/tony-ferguson-el-cucuy']
LANDON QUINONES,['https://www.tapology.com/fightcenter/fighters/124140-landon-quinones']
MILES JOHNS,['https://www.tapology.com/fightcenter/fighters/46875-miles-johns']
JONATHAN MARTINEZ,"['https://www.tapology.com/fightcenter/fighters/41237-jonathon-martinez', 'https://www.tapology.com/fightcenter/fighters/95186-jonathan-martinez', 'https://www.tapology.com/fightcenter/fighters/382760-jonathan-waldemar-martinez', 'https://www.tapology.com/fightcenter/fighters/270001-jonathan-guadalupe-urias-martinez', 'https://www.tapology.com/fightcenter/fighters/164010-jonatan-martinez', 'https://www.tapology.com/fightcenter/fighters/193682-jonathan-martinez', 'https://www.tapology.com/fightcenter/fighters/383031-jonathan-martinez', 'https://www.tapology.com/fightcenter/fighters/212922-jonathan-jimenez-martinez', 'https://www.tapology.com/fightcenter/fighters/383486-jonathan-zamora-martinez-negrito', 'https://www.tapology.com/fightcenter/fighters/45284-uziel-jonathan', 'https://www.tapology.com/fightcenter/fighters/208659-jonathan-delgado-yonik', 'https://www.tapology.com/fightcenter/fighters/271355-jonathan-escobedo', 'https://www.tapology.com/fightcenter/fighters/206776-rodrigo-jonathan-martinez-respeto']"
TOBY MISECH,['https://www.tapology.com/fightcenter/fighters/21169-toby-misech']
JEFFREY MOLINA,['https://www.tapology.com/fightcenter/fighters/117845-jeffrey-molina']
ALONZO MENIFIELD,['https://www.tapology.com/fightcenter/fighters/69032-alonzo-menifield']
SEDRIQUES DUMAS,['https://www.tapology.com/fightcenter/fighters/188574-sedriques-dumas']
AL IAQUINTA,['https://www.tapology.com/fightcenter/fighters/15047-al-iaquinta']
ANTHONY HERNANDEZ,"['https://www.tapology.com/fightcenter/fighters/41538-anthony-hernandez', 'https://www.tapology.com/fightcenter/fighters/64235-matt-hernandez', 'https://www.tapology.com/fightcenter/fighters/253328-anthony-hernandez-pretty-boy', 'https://www.tapology.com/fightcenter/fighters/95632-anthony-hernandez', 'https://www.tapology.com/fightcenter/fighters/291195-anthony-hernandez', 'https://www.tapology.com/fightcenter/fighters/210491-mark-anthony-hernandez-madman', 'https://www.tapology.com/fightcenter/fighters/215889-antonio-sanchez']"
RYAN HALL,"['https://www.tapology.com/fightcenter/fighters/37328-ryan-hall', 'https://www.tapology.com/fightcenter/fighters/220649-ryan-hall-ryanboy', 'https://www.tapology.com/fightcenter/fighters/51380-ryan-hall', 'https://www.tapology.com/fightcenter/fighters/101451-rhino-hall', 'https://www.tapology.com/fightcenter/fighters/329034-ryan-hall', 'https://www.tapology.com/fightcenter/fighters/384186-ryan-hall']"
CJ VERGARA,['https://www.tapology.com/fightcenter/fighters/38340-carlos-vergara']
CARL DEATON,['https://www.tapology.com/fightcenter/fighters/32970-carl-deaton-iii']
JOSEPH LOWRY,['https://www.tapology.com/fightcenter/fighters/22239-joseph-lowry']
BRENDON MAROTTE,['https://www.tapology.com/fightcenter/fighters/117074-brendan-marotte']
VINC PICHEL,['https://www.tapology.com/fightcenter/fighters/17554-vinc-pichel']
IGNACIO BAHAMONDES,['https://www.tapology.com/fightcenter/fighters/105800-ignacio-carabantes']
CODY BRUNDAGE,['https://www.tapology.com/fightcenter/fighters/169818-cody-brundage']
YAZAN HAJEH,['https://www.tapology.com/fightcenter/fighters/50219-yazan-hajeh']
STEPHEN THOMPSON,"['https://www.tapology.com/fightcenter/fighters/16753-stephen-thompson-wonderboy', 'https://www.tapology.com/fightcenter/fighters/144911-stephen-thompson']"
JULIO ARCE,['https://www.tapology.com/fightcenter/fighters/30552-julio-arce']
GARRETT ARMFIELD,['https://www.tapology.com/fightcenter/fighters/128099-garrett-armfield']
RAFAEL DE FREITAS,['https://www.tapology.com/fightcenter/fighters/16686-rafael-freitas-barata']
DARREN ELKINS,['https://www.tapology.com/fightcenter/fighters/darren-elkins']
MERAB DVALISHVILI,['https://www.tapology.com/fightcenter/fighters/47934-merab-dvalishvili']
AMIR ALBAZI,['https://www.tapology.com/fightcenter/fighters/84737-amir-albazi']
CLAY GUIDA,['https://www.tapology.com/fightcenter/fighters/clay-guida-the-carpenter']
JUSTIN JONES,"['https://www.tapology.com/fightcenter/fighters/37069-justin-jones', 'https://www.tapology.com/fightcenter/fighters/134698-justin-jones', 'https://www.tapology.com/fightcenter/fighters/264998-justin-jones', 'https://www.tapology.com/fightcenter/fighters/276328-justin-jones', 'https://www.tapology.com/fightcenter/fighters/245190-justin-mayweather-jones', 'https://www.tapology.com/fightcenter/fighters/justin-jones-the-jet', 'https://www.tapology.com/fightcenter/fighters/66965-justin-jones', 'https://www.tapology.com/fightcenter/fighters/91857-justin-jones', 'https://www.tapology.com/fightcenter/fighters/107902-justin-jones', 'https://www.tapology.com/fightcenter/fighters/147916-justin-jones', 'https://www.tapology.com/fightcenter/fighters/219203-justin-jones', 'https://www.tapology.com/fightcenter/fighters/234740-justin-jones', 'https://www.tapology.com/fightcenter/fighters/324573-justin-jones', 'https://www.tapology.com/fightcenter/fighters/393976']"
GEOFF NEAL,['https://www.tapology.com/fightcenter/fighters/20058-geoffrey-neal']
BRIAN ORTEGA,"['https://www.tapology.com/fightcenter/fighters/40994-brian-ortega', 'https://www.tapology.com/fightcenter/fighters/236699-bryan-ortega']"
CODY GARBRANDT,['https://www.tapology.com/fightcenter/fighters/21780-cody-garbrandt-no-love']
MIKE DAVIS,"['https://www.tapology.com/fightcenter/fighters/51604-mike-davis', 'https://www.tapology.com/fightcenter/fighters/mike-davis', 'https://www.tapology.com/fightcenter/fighters/19051-mike-davis', 'https://www.tapology.com/fightcenter/fighters/70797-mike-davis', 'https://www.tapology.com/fightcenter/fighters/77210-mike-davis', 'https://www.tapology.com/fightcenter/fighters/380580-mike-davis', 'https://www.tapology.com/fightcenter/fighters/135390-mike-davidson']"
SEAN LALLY,['https://www.tapology.com/fightcenter/fighters/89978-sean-lally']
RICKY SIMON,['https://www.tapology.com/fightcenter/fighters/33229-ricky-simon']
KRON GRACIE,['https://www.tapology.com/fightcenter/fighters/kron-gracie']
VIACHESLAV BORSHCHEV,['https://www.tapology.com/fightcenter/fighters/48692-vyacheslav-borshev']
CUB SWANSON,['https://www.tapology.com/fightcenter/fighters/cub-swanson']
BILLY QUARANTILLO,['https://www.tapology.com/fightcenter/fighters/42701-billy-quarantillo']
MATT BROWN,"['https://www.tapology.com/fightcenter/fighters/28-matt-brown-the-immortal', 'https://www.tapology.com/fightcenter/fighters/4892-matt-brown', 'https://www.tapology.com/fightcenter/fighters/56167-matt-brown', 'https://www.tapology.com/fightcenter/fighters/397926-matt-brown', 'https://www.tapology.com/fightcenter/fighters/297430-matt-brown', 'https://www.tapology.com/fightcenter/fighters/7979-matt-brown', 'https://www.tapology.com/fightcenter/fighters/22024-matt-brown', 'https://www.tapology.com/fightcenter/fighters/32568-matt-brown', 'https://www.tapology.com/fightcenter/fighters/50267-matt-brown', 'https://www.tapology.com/fightcenter/fighters/55873-matt-brown', 'https://www.tapology.com/fightcenter/fighters/104172-matt-brown', 'https://www.tapology.com/fightcenter/fighters/120086-matt-brown', 'https://www.tapology.com/fightcenter/fighters/163157-matt-brown', 'https://www.tapology.com/fightcenter/fighters/268607-matthew-brown', 'https://www.tapology.com/fightcenter/fighters/304255-matt-brown', 'https://www.tapology.com/fightcenter/fighters/310859-mattie-brown', 'https://www.tapology.com/fightcenter/fighters/213432-subriel-matias-browny']"
JUSTIN GONZALES,['https://www.tapology.com/fightcenter/fighters/45007-justin-gonzales']
CHEPE MARISCAL,['https://www.tapology.com/fightcenter/fighters/44895-jose-mariscal']
CHARLES OLIVEIRA,"['https://www.tapology.com/fightcenter/fighters/charles-oliveira-do-bronx', 'https://www.tapology.com/fightcenter/fighters/98529-charles-de-oliveira', 'https://www.tapology.com/fightcenter/fighters/373225-charles-oliveira-charlinho']"
SIDNEY OUTLAW,['https://www.tapology.com/fightcenter/fighters/34135-sidney-outlaw']
NATE MANESS,['https://www.tapology.com/fightcenter/fighters/41826-nathan-maness']
CHASE HOOPER,['https://www.tapology.com/fightcenter/fighters/158947-chase-hooper']
BRYCE MITCHELL,['https://www.tapology.com/fightcenter/fighters/59676-bryce-mitchell']
FERNIE GARCIA,['https://www.tapology.com/fightcenter/fighters/43088-fernie-garcia']
BILL ALGEO,['https://www.tapology.com/fightcenter/fighters/25872-william-algeo-honey-badger']
MATTHEW SEMELSBERGER,['https://www.tapology.com/fightcenter/fighters/98220-matthew-semelsberger']
JAMES KRAUSE,"['https://www.tapology.com/fightcenter/fighters/james-krause', 'https://www.tapology.com/fightcenter/fighters/140010-james-krause-simmons']"
DARRIUS FLOWERS,['https://www.tapology.com/fightcenter/fighters/91236-darrius-flowers']
JAMELLE JONES,['https://www.tapology.com/fightcenter/fighters/49923-jamelle-jones']
RODOLFO VIEIRA,['https://www.tapology.com/fightcenter/fighters/148791-rodolfo-vieira-srour-the-black-belt-hunter']
MARCUS MCGHEE,['https://www.tapology.com/fightcenter/fighters/70861-marcus-mcghee']
JIMMY FLICK,['https://www.tapology.com/fightcenter/fighters/jimmy-flick']
JONATHAN PEARCE,['https://www.tapology.com/fightcenter/fighters/40655-jonathan-pearce']
CARLOS HERNANDEZ,"['https://www.tapology.com/fightcenter/fighters/50997-carlos-hernandez', 'https://www.tapology.com/fightcenter/fighters/60838-carlos-hernandez', 'https://www.tapology.com/fightcenter/fighters/276501-carlos-hernandez', 'https://www.tapology.com/fightcenter/fighters/146462-carlos-hernandez', 'https://www.tapology.com/fightcenter/fighters/203876-carlos-hernandez', 'https://www.tapology.com/fightcenter/fighters/368571-carlos-hernandez', 'https://www.tapology.com/fightcenter/fighters/224966-carlos-hernandez-capi', 'https://www.tapology.com/fightcenter/fighters/207723-carlos-hernandez', 'https://www.tapology.com/fightcenter/fighters/49400-carlos-hernandez', 'https://www.tapology.com/fightcenter/fighters/69749-carlos-hernandez', 'https://www.tapology.com/fightcenter/fighters/81682-carlos-hernandez-rabioso', 'https://www.tapology.com/fightcenter/fighters/111166-carlos-hernandez', 'https://www.tapology.com/fightcenter/fighters/163675-carlos-hernandez', 'https://www.tapology.com/fightcenter/fighters/186244-carlos-hernandez', 'https://www.tapology.com/fightcenter/fighters/228879-carlos-hernandez', 'https://www.tapology.com/fightcenter/fighters/239418-carlos-hernandez', 'https://www.tapology.com/fightcenter/fighters/241787-carlos-hernandez', 'https://www.tapology.com/fightcenter/fighters/260454-carlos-hernandez-mango', 'https://www.tapology.com/fightcenter/fighters/349066-carlos-hernandez', 'https://www.tapology.com/fightcenter/fighters/349067-carlos-hernandez', 'https://www.tapology.com/fightcenter/fighters/365135-carlos-hernandez', 'https://www.tapology.com/fightcenter/fighters/366469-carlos-hernandez-jr', 'https://www.tapology.com/fightcenter/fighters/369211-carlos-hernandez', 'https://www.tapology.com/fightcenter/fighters/400103-carlos-hernandez-alacran', 'https://www.tapology.com/fightcenter/fighters/405063-carlos-hernandez', 'https://www.tapology.com/fightcenter/fighters/407271-carlos-hernandez', 'https://www.tapology.com/fightcenter/fighters/204419-carlos-garcia-hernandez', 'https://www.tapology.com/fightcenter/fighters/332093-jean-carlos-hernandez-salserin', 'https://www.tapology.com/fightcenter/fighters/332436-carlos-hernandez-gamez', 'https://www.tapology.com/fightcenter/fighters/118190-carlos-irving-hernandez', 'https://www.tapology.com/fightcenter/fighters/321999-jean-hernandez', 'https://www.tapology.com/fightcenter/fighters/334805-carlo-hernandez-munrra', 'https://www.tapology.com/fightcenter/fighters/225879-carlos-gamella', 'https://www.tapology.com/fightcenter/fighters/239419-carlos-zaleta', 'https://www.tapology.com/fightcenter/fighters/252581-carlos-carreon-papi', 'https://www.tapology.com/fightcenter/fighters/290541-carlos-daniel-zendejas-gallo-negro', 'https://www.tapology.com/fightcenter/fighters/304164-juan-hernandez-mejia', 'https://www.tapology.com/fightcenter/fighters/111350-juan-carlos-hernandez', 'https://www.tapology.com/fightcenter/fighters/198585-juan-carlos-hernandez', 'https://www.tapology.com/fightcenter/fighters/242702-juan-carlos-parra-hernandez', 'https://www.tapology.com/fightcenter/fighters/141038-armando-bayos']"
GREGOR GILLESPIE,['https://www.tapology.com/fightcenter/fighters/33830-gregor-gillespie']
DREW DOBER,['https://www.tapology.com/fightcenter/fighters/drew-dober']
STEVEN KOSLOW,['https://www.tapology.com/fightcenter/fighters/131139-steven-koslow']
KHALIL ROUNTREE JR.,['https://www.tapology.com/fightcenter/fighters/47284-khalil-rountree-the-war-horse']
RAMIZ BRAHIMAJ,['https://www.tapology.com/fightcenter/fighters/129794-ramiz-brahimaj']
SEAN WOODSON,['https://www.tapology.com/fightcenter/fighters/103506-sean-woodson']
PUNAHELE SORIANO,['https://www.tapology.com/fightcenter/fighters/119534-punahele-soriano-story-time']
JULIAN MARQUEZ,"['https://www.tapology.com/fightcenter/fighters/29696-julian-marquez', 'https://www.tapology.com/fightcenter/fighters/383836-julian-marquez', 'https://www.tapology.com/fightcenter/fighters/389776-julian-marquez']"
MONTEL JACKSON,['https://www.tapology.com/fightcenter/fighters/89335-montel-jackson']
MIGUEL BAEZA,['https://www.tapology.com/fightcenter/fighters/99224-miguel-baeza']
CHARLIE CAMPBELL,['https://www.tapology.com/fightcenter/fighters/179091-charlie-campbell']
JORDAN LEAVITT,['https://www.tapology.com/fightcenter/fighters/90318-jordan-leavitt']
UROÅ  MEDIÄ†,[]
RICK PALACIOS,['https://www.tapology.com/fightcenter/fighters/27016-ricardo-palacios']
MICHEL PEREIRA,"['https://www.tapology.com/fightcenter/fighters/55575-michel-pereira', 'https://www.tapology.com/fightcenter/fighters/16886-thiago-michel']"
AJ FLETCHER,['https://www.tapology.com/fightcenter/fighters/140431-aj-fletcher']
RICKY TURCIOS,['https://www.tapology.com/fightcenter/fighters/46586-ricky-turcios']
DRAKKAR KLOSE,['https://www.tapology.com/fightcenter/fighters/29515-drakkar-klose']
DIEGO FERREIRA,"['https://www.tapology.com/fightcenter/fighters/carlos-ferreira', 'https://www.tapology.com/fightcenter/fighters/122367-diego-ferreira-santa-cruz', 'https://www.tapology.com/fightcenter/fighters/248926-diego-ferreira-combatente', 'https://www.tapology.com/fightcenter/fighters/32918-carlos-diego-ferreira', 'https://www.tapology.com/fightcenter/fighters/222281-diego-ferreira', 'https://www.tapology.com/fightcenter/fighters/307002-diego-ferreira-zina', 'https://www.tapology.com/fightcenter/fighters/401659-diego-ferreira', 'https://www.tapology.com/fightcenter/fighters/124692-diego-alves-ferreira', 'https://www.tapology.com/fightcenter/fighters/155514-diego-ferreira-dos-santos', 'https://www.tapology.com/fightcenter/fighters/275842-diego-allan-ferreira-iablonski-mexicano']"
JEREMIAH WELLS,['https://www.tapology.com/fightcenter/fighters/15782-jeremiah-wells']
CODY STAMANN,['https://www.tapology.com/fightcenter/fighters/22124-cody-stamann']
BENEIL DARIUSH,['https://www.tapology.com/fightcenter/fighters/20010-beneil-dariush-benny']
GABE GREEN,"['https://www.tapology.com/fightcenter/fighters/86242-gabriel-green', 'https://www.tapology.com/fightcenter/fighters/16182-gabe-greenburg']"
PHIL HAWES,['https://www.tapology.com/fightcenter/fighters/63542-phil-hawes']
LUCAS ALEXANDER,"['https://www.tapology.com/fightcenter/fighters/135395-lucas-peixoto', 'https://www.tapology.com/fightcenter/fighters/99862-alexander-lucas', 'https://www.tapology.com/fightcenter/fighters/290263-lucas-fernandez']"
ALEX PEREIRA,"['https://www.tapology.com/fightcenter/fighters/carlos-alexandre-pereira-indio', 'https://www.tapology.com/fightcenter/fighters/117305-alex-pereira', 'https://www.tapology.com/fightcenter/fighters/311337-alex-pereira', 'https://www.tapology.com/fightcenter/fighters/110866-alexander-pereira', 'https://www.tapology.com/fightcenter/fighters/76844-alexandre-firmeza', 'https://www.tapology.com/fightcenter/fighters/99480-alexsander-pereira-junior', 'https://www.tapology.com/fightcenter/fighters/237685-alexander-pereira', 'https://www.tapology.com/fightcenter/fighters/240356-alex-pereira', 'https://www.tapology.com/fightcenter/fighters/100564-diorran-pereira', 'https://www.tapology.com/fightcenter/fighters/200137-jose-pereira-alex-catitinha', 'https://www.tapology.com/fightcenter/fighters/76619-alexandre-wilson-scarface', 'https://www.tapology.com/fightcenter/fighters/302429-alex-alves', 'https://www.tapology.com/fightcenter/fighters/398572-alexandre-silva-cascavel', 'https://www.tapology.com/fightcenter/fighters/82865-alex-sandro-alves-pavo']"
LANDO VANNATA,['https://www.tapology.com/fightcenter/fighters/15643-landan-vanata']
JOHN CASTANEDA,['https://www.tapology.com/fightcenter/fighters/20125-john-castaneda']
CHRIS WEIDMAN,['https://www.tapology.com/fightcenter/fighters/chris-weidman']
FERNANDO PADILLA,"['https://www.tapology.com/fightcenter/fighters/98371-fernando-padilla', 'https://www.tapology.com/fightcenter/fighters/197239-fernando-padilla', 'https://www.tapology.com/fightcenter/fighters/247355-luis-fernando-villa-calladito', 'https://www.tapology.com/fightcenter/fighters/419774-aldo-anaya']"
ADAM FUGITT,['https://www.tapology.com/fightcenter/fighters/112635-adam-fugitt']
MAX GRIFFIN,"['https://www.tapology.com/fightcenter/fighters/25437-max-griffin', 'https://www.tapology.com/fightcenter/fighters/64028-malon-griffin']"
TERRANCE MCKINNEY,['https://www.tapology.com/fightcenter/fighters/126382-terrance-mckinney']
NIKO PRICE,['https://www.tapology.com/fightcenter/fighters/22461-nico-price']
AJ DOBSON,['https://www.tapology.com/fightcenter/fighters/29725-aj-dobson']
EVAN ELDER,['https://www.tapology.com/fightcenter/fighters/108144-evan-elders']
JARED GOODEN,['https://www.tapology.com/fightcenter/fighters/43007-jared-gooden']
BRAD TAVARES,['https://www.tapology.com/fightcenter/fighters/brad-tavares']
DAN IGE,['https://www.tapology.com/fightcenter/fighters/21178-dan-ige']
KEVIN SYLER,['https://www.tapology.com/fightcenter/fighters/34457-kevin-syler']
NATAN LEVY,['https://www.tapology.com/fightcenter/fighters/121270-natan-levy']
TREVIN GILES,['https://www.tapology.com/fightcenter/fighters/20072-trevin-giles']
BRIAN KELLEHER,['https://www.tapology.com/fightcenter/fighters/13751-Brian-Kelleher']
NICK URSO,['https://www.tapology.com/fightcenter/fighters/17636-nick-urso']
ZACH ZANE,['https://www.tapology.com/fightcenter/fighters/69110-zach-zane']
TIM MEANS,['https://www.tapology.com/fightcenter/fighters/3224-tim-means-the-dirty-bird']
DANIEL RODRIGUEZ,"['https://www.tapology.com/fightcenter/fighters/61421-daniel-rodriguez', 'https://www.tapology.com/fightcenter/fighters/150859-daniel-rodriguez', 'https://www.tapology.com/fightcenter/fighters/98181-daniel-vargas', 'https://www.tapology.com/fightcenter/fighters/297654-daniela-rodriguez', 'https://www.tapology.com/fightcenter/fighters/46520-daniel-rodriguez', 'https://www.tapology.com/fightcenter/fighters/85792-daniel-rodriguez', 'https://www.tapology.com/fightcenter/fighters/87004-daniel-rodriguez', 'https://www.tapology.com/fightcenter/fighters/170525-daniel-rodriguez', 'https://www.tapology.com/fightcenter/fighters/285900-daniel-rodriguez', 'https://www.tapology.com/fightcenter/fighters/304045-daniel-rodriguez', 'https://www.tapology.com/fightcenter/fighters/324186-daniel-rodriguez-el-sicario', 'https://www.tapology.com/fightcenter/fighters/388658-daniel-rodriguez', 'https://www.tapology.com/fightcenter/fighters/110525-daniel-lieva-rodriguez', 'https://www.tapology.com/fightcenter/fighters/146280-daniel-alberto-rodriguez-contreras', 'https://www.tapology.com/fightcenter/fighters/282923-daniel-mateo-rodriguez', 'https://www.tapology.com/fightcenter/fighters/351190-daniela-ayelen-rodriguez', 'https://www.tapology.com/fightcenter/fighters/318455-daniel-rodriguez-cervantes-travieso', 'https://www.tapology.com/fightcenter/fighters/202772-daniel-barrios', 'https://www.tapology.com/fightcenter/fighters/66594-daniel-rodriguez', 'https://www.tapology.com/fightcenter/fighters/330208-salvador-rodriguez-chucky', 'https://www.tapology.com/fightcenter/fighters/323149-rodrigo-rodriguez-barraza', 'https://www.tapology.com/fightcenter/fighters/418100-franco-daniel-rodriguez', 'https://www.tapology.com/fightcenter/fighters/274488-ricardo-daniel-badillo-palmito', 'https://www.tapology.com/fightcenter/fighters/228580-daniel-rodriguez', 'https://www.tapology.com/fightcenter/fighters/279616-erick-gamboa', 'https://www.tapology.com/fightcenter/fighters/328656-joshua-vallejo']"
CHRISTIAN RODRIGUEZ,"['https://www.tapology.com/fightcenter/fighters/121190-christian-rodriguez', 'https://www.tapology.com/fightcenter/fighters/50455-chris-rodriguez', 'https://www.tapology.com/fightcenter/fighters/30106-christian-rodriguez-la-maquina', 'https://www.tapology.com/fightcenter/fighters/321348-christian-rodriguez', 'https://www.tapology.com/fightcenter/fighters/358966-christian-rodriguez-musashi', 'https://www.tapology.com/fightcenter/fighters/399551-christian-rodriguez', 'https://www.tapology.com/fightcenter/fighters/391517-christian-rodriguez-lopez', 'https://www.tapology.com/fightcenter/fighters/194269-cristian-rodriguez', 'https://www.tapology.com/fightcenter/fighters/104077-christian-cordero-brasileo', 'https://www.tapology.com/fightcenter/fighters/133462-christian-fuentes', 'https://www.tapology.com/fightcenter/fighters/353264-christian-ramirez', 'https://www.tapology.com/fightcenter/fighters/236637-christian-rodriguez']"
AZAMAT MURZAKANOV,['https://www.tapology.com/fightcenter/fighters/93373-azamat-murzakanov']
BILLY GOFF,['https://www.tapology.com/fightcenter/fighters/169724-billy-goff']
COURT MCGEE,['https://www.tapology.com/fightcenter/fighters/court-mcgee-the-crusher']
CHIDI NJOKUANI,['https://www.tapology.com/fightcenter/fighters/chidi-njokuani']
JULIAN EROSA,['https://www.tapology.com/fightcenter/fighters/18497-julian-erosa']
PAYTON TALBOTT,['https://www.tapology.com/fightcenter/fighters/181513-payton-talbout']
GRANT DAWSON,['https://www.tapology.com/fightcenter/fighters/32750-grant-dawson']
PETE RODRIGUEZ,"['https://www.tapology.com/fightcenter/fighters/135356-pete-rodriguez', 'https://www.tapology.com/fightcenter/fighters/170925-pedro-rodriguez', 'https://www.tapology.com/fightcenter/fighters/69669-pedro-rodriguez']"
STEVE GARCIA,"['https://www.tapology.com/fightcenter/fighters/41407-steve-garcia-jr', 'https://www.tapology.com/fightcenter/fighters/steve-garcia', 'https://www.tapology.com/fightcenter/fighters/73328-steve-garcia', 'https://www.tapology.com/fightcenter/fighters/74473-steven-garcia', 'https://www.tapology.com/fightcenter/fighters/152236-steve-garcia', 'https://www.tapology.com/fightcenter/fighters/348393-steve-garcia', 'https://www.tapology.com/fightcenter/fighters/375555-jonathan-steve-gomez-garcia']"
DANIEL MARCOS,"['https://www.tapology.com/fightcenter/fighters/92877-daniel-marcos', 'https://www.tapology.com/fightcenter/fighters/211800-daniel-marcos-el-conde']"
CHASE WALDON,['https://www.tapology.com/fightcenter/fighters/10429-chase-waldon']
HENRY CEJUDO,['https://www.tapology.com/fightcenter/fighters/42359-henry-cejudo']
DASHAWN BOATWRIGHT,['https://www.tapology.com/fightcenter/fighters/66952-deshawn-boatwright']
SEAN STRICKLAND,['https://www.tapology.com/fightcenter/fighters/6055-sean-strickland-tarzan']
LUIS GOMEZ,"['https://www.tapology.com/fightcenter/fighters/160609-luis-gomez', 'https://www.tapology.com/fightcenter/fighters/86998-luis-gomez', 'https://www.tapology.com/fightcenter/fighters/108514-luis-raul-gomez', 'https://www.tapology.com/fightcenter/fighters/171072-luis-gmez', 'https://www.tapology.com/fightcenter/fighters/284281-luis-gomez', 'https://www.tapology.com/fightcenter/fighters/398620-jose-gomez-vazquez', 'https://www.tapology.com/fightcenter/fighters/224960-luis-gomez-tarantula', 'https://www.tapology.com/fightcenter/fighters/77258-luis-gomez', 'https://www.tapology.com/fightcenter/fighters/87042-luis-gomez', 'https://www.tapology.com/fightcenter/fighters/231843-luis-gomez', 'https://www.tapology.com/fightcenter/fighters/234505-luis-gomez', 'https://www.tapology.com/fightcenter/fighters/362075-luis-gomez-diamante', 'https://www.tapology.com/fightcenter/fighters/308583-luis-castillo-gomez', 'https://www.tapology.com/fightcenter/fighters/169583-alejandro-gomez', 'https://www.tapology.com/fightcenter/fighters/203123-luis-chavez', 'https://www.tapology.com/fightcenter/fighters/378285-luis-gabriel-navarro', 'https://www.tapology.com/fightcenter/fighters/387761-jose-luis-gomez', 'https://www.tapology.com/fightcenter/fighters/293645-jorge-luis-melendez-silencioso', 'https://www.tapology.com/fightcenter/fighters/52442-luis-gomez', 'https://www.tapology.com/fightcenter/fighters/295612-juan-salas']"
ZAC PAUGA,['https://www.tapology.com/fightcenter/fighters/212294-zac-pauga']
LAZAR STOJADINOVIC,['https://www.tapology.com/fightcenter/fighters/lazar-stojadinovic']
ANDRE FILI,"['https://www.tapology.com/fightcenter/fighters/11328-andre-fili-dre-duke', 'https://www.tapology.com/fightcenter/fighters/358223-andreia-filipa-pinto-da-conceicao', 'https://www.tapology.com/fightcenter/fighters/180293-filip-andrei', 'https://www.tapology.com/fightcenter/fighters/259151-andres-larrinaga-kid-cubita', 'https://www.tapology.com/fightcenter/fighters/33790-andrew-lagdaan']"
MICHAEL CORA,"['https://www.tapology.com/fightcenter/fighters/114214-gunner-coronado', 'https://www.tapology.com/fightcenter/fighters/84270-michael-cora']"
TREY OGDEN,['https://www.tapology.com/fightcenter/fighters/90133-trey-ogden']
JOSH QUINLAN,['https://www.tapology.com/fightcenter/fighters/114123-josh-quinlan']
CARLOS CANDELARIO,['https://www.tapology.com/fightcenter/fighters/24551-carlos-candelori']
BLAKE BILDER,['https://www.tapology.com/fightcenter/fighters/82451-blake-bilder']
JAMIE PICKETT,['https://www.tapology.com/fightcenter/fighters/38304-jamie-pickett']
JAMALL EMMERS,['https://www.tapology.com/fightcenter/fighters/32088-jamall-emmers']
DAMON JACKSON,['https://www.tapology.com/fightcenter/fighters/39377-damon-jackson']
JOE PYFER,['https://www.tapology.com/fightcenter/fighters/144942-joseph-pyfer']
KEVIN LEE,"['https://www.tapology.com/fightcenter/fighters/23860-kevin-lee', 'https://www.tapology.com/fightcenter/fighters/5718-kevin-leemon-gook', 'https://www.tapology.com/fightcenter/fighters/79367-kevin-lee', 'https://www.tapology.com/fightcenter/fighters/357141-kevin-lee', 'https://www.tapology.com/fightcenter/fighters/369064-kevin-lee', 'https://www.tapology.com/fightcenter/fighters/408280-kevin-lee', 'https://www.tapology.com/fightcenter/fighters/323992-kevin-lopez-bruce-lee', 'https://www.tapology.com/fightcenter/fighters/144486-kevin-lee-johns']"
ODE' OSBOURNE,['https://www.tapology.com/fightcenter/fighters/50154-ode-osbourne']
RANDY BROWN,['https://www.tapology.com/fightcenter/fighters/21348-randall-brown-rude-boy']
RAUL ROSAS JR.,['https://www.tapology.com/fightcenter/fighters/94654-raul-rosas']
COLBY COVINGTON,['https://www.tapology.com/fightcenter/fighters/23634-colby-covington']
VAL WOODBURN,['https://www.tapology.com/fightcenter/fighters/166396-valentine-woodburn']
SODIQ YUSUFF,['https://www.tapology.com/fightcenter/fighters/58362-sodiq-yusuff']
ALBERT DURAEV,['https://www.tapology.com/fightcenter/fighters/18658-albert-duraev']
CHRISTIAN OCON,['https://www.tapology.com/fightcenter/fighters/93172-chris-ocon']
MAX HOLLOWAY,['https://www.tapology.com/fightcenter/fighters/12723-max-holloway-lil-evil']
ALEX PEREZ,"['https://www.tapology.com/fightcenter/fighters/alex-perez', 'https://www.tapology.com/fightcenter/fighters/397780-alex-perez', 'https://www.tapology.com/fightcenter/fighters/76196-alex-perez', 'https://www.tapology.com/fightcenter/fighters/100964-alex-perez', 'https://www.tapology.com/fightcenter/fighters/109102-alex-perez', 'https://www.tapology.com/fightcenter/fighters/230856-alex-perez', 'https://www.tapology.com/fightcenter/fighters/313523-alexis-perez', 'https://www.tapology.com/fightcenter/fighters/359562-alex-perez-the-brick-city-bullet', 'https://www.tapology.com/fightcenter/fighters/363489-alex-perez-cubanito', 'https://www.tapology.com/fightcenter/fighters/378564-alexis-perez', 'https://www.tapology.com/fightcenter/fighters/218672-alex-candamo-perez', 'https://www.tapology.com/fightcenter/fighters/301422-alexander-alfallo-perez-jarocho', 'https://www.tapology.com/fightcenter/fighters/249093-josber-perez-avalancha', 'https://www.tapology.com/fightcenter/fighters/371315-guadalupe-perez', 'https://www.tapology.com/fightcenter/fighters/370651-alex-esponda', 'https://www.tapology.com/fightcenter/fighters/298258-alexi-rivera', 'https://www.tapology.com/fightcenter/fighters/187501-eddy-rosaldo', 'https://www.tapology.com/fightcenter/fighters/336896-johneiker-quintana-la-potencia']"
MICHAEL CHIESA,['https://www.tapology.com/fightcenter/fighters/15253-mike-chiesa-maverick']
DUSTIN POIRIER,['https://www.tapology.com/fightcenter/fighters/dustin-poirier-the-diamond']
GILBERT BURNS,['https://www.tapology.com/fightcenter/fighters/31168-gilbert-burns-durinho']
KAMARU USMAN,['https://www.tapology.com/fightcenter/fighters/39265-kamarudeen-usman']
ALEKSA CAMUR,['https://www.tapology.com/fightcenter/fighters/90744-aleksa-camur']
CHRISTOS GIAGOS,['https://www.tapology.com/fightcenter/fighters/38606-christos-giagos-the-spartan']
ISAAC DULGARIAN,['https://www.tapology.com/fightcenter/fighters/245772-isaac-dulgarian']
IAN HEINISCH,['https://www.tapology.com/fightcenter/fighters/77683-ian-heinisch']
JOSE JOHNSON,"['https://www.tapology.com/fightcenter/fighters/110739-jose-johnson', 'https://www.tapology.com/fightcenter/fighters/16750-joe-johnson', 'https://www.tapology.com/fightcenter/fighters/102659-joseph-johnson', 'https://www.tapology.com/fightcenter/fighters/214808-joseph-johnson', 'https://www.tapology.com/fightcenter/fighters/363776-joseph-johnson']"
CASEY KENNEY,['https://www.tapology.com/fightcenter/fighters/63593-casey-kenny']
MIKE BREEDEN,['https://www.tapology.com/fightcenter/fighters/33407-mike-breeden']
FARID BASHARAT,['https://www.tapology.com/fightcenter/fighters/127815-farid-bashrat']
GERALD MEERSCHAERT,['https://www.tapology.com/fightcenter/fighters/6018-gerald-meerschaert-the-machine']
DANIEL SPOHN,['https://www.tapology.com/fightcenter/fighters/13645-dan-spohn']
ALJAMAIN STERLING,['https://www.tapology.com/fightcenter/fighters/aljamain-sterling']
MICHAEL JOHNSON,"['https://www.tapology.com/fightcenter/fighters/michael-johnson-the-menace', 'https://www.tapology.com/fightcenter/fighters/3363-michael-johnson', 'https://www.tapology.com/fightcenter/fighters/michael-johnson-the-menace-', 'https://www.tapology.com/fightcenter/fighters/16385-michael-johnson', 'https://www.tapology.com/fightcenter/fighters/37752-michael-johnson', 'https://www.tapology.com/fightcenter/fighters/105996-michael-johnson', 'https://www.tapology.com/fightcenter/fighters/108757-michael-johnson', 'https://www.tapology.com/fightcenter/fighters/116252-michael-johnson', 'https://www.tapology.com/fightcenter/fighters/127371-michael-johnson', 'https://www.tapology.com/fightcenter/fighters/217747-michael-johnson', 'https://www.tapology.com/fightcenter/fighters/250242-michael-johnson', 'https://www.tapology.com/fightcenter/fighters/344952-michael-johnson', 'https://www.tapology.com/fightcenter/fighters/351587-michael-johnson-jr', 'https://www.tapology.com/fightcenter/fighters/359950-michael-johnson', 'https://www.tapology.com/fightcenter/fighters/282360-michael-lamar-johnson', 'https://www.tapology.com/fightcenter/fighters/18148-michael-johnson', 'https://www.tapology.com/fightcenter/fighters/303090-mike-johnson', 'https://www.tapology.com/fightcenter/fighters/121805-mike-johnson', 'https://www.tapology.com/fightcenter/fighters/263724-john-michael-johnson-bam-bam']"
MATT SCHNELL,['https://www.tapology.com/fightcenter/fighters/29221-matt-schnell']
FRANKIE SAENZ,['https://www.tapology.com/fightcenter/fighters/20296-frankie-saenz']
MARIO BAUTISTA,"['https://www.tapology.com/fightcenter/fighters/33428-mario-bautista', 'https://www.tapology.com/fightcenter/fighters/213640-mario-bautista-raider']"
TREY WATERS,['https://www.tapology.com/fightcenter/fighters/116047-trey-waters']
CHARLES RADTKE,['https://www.tapology.com/fightcenter/fighters/29374-charlie-radtke']
GASTON BOLANOS,['https://www.tapology.com/fightcenter/fighters/41575-gaston-bolanoes']
MICHAEL CHANDLER,"['https://www.tapology.com/fightcenter/fighters/mike-chandler', 'https://www.tapology.com/fightcenter/fighters/233478-chandler-michael']"
ALEX MORONO,['https://www.tapology.com/fightcenter/fighters/16353-alex-morono']
TIM ELLIOTT,"['https://www.tapology.com/fightcenter/fighters/13664-timothy-elliot', 'https://www.tapology.com/fightcenter/fighters/108853-timothy-elliott', 'https://www.tapology.com/fightcenter/fighters/376046-timothy-elliott']"
MARC-ANDRE BARRIAULT,['https://www.tapology.com/fightcenter/fighters/26658-marc-andre-barriault']
JOSH EMMETT,['https://www.tapology.com/fightcenter/fighters/51295-josh-emmett']
AUSTIN HUBBARD,['https://www.tapology.com/fightcenter/fighters/67931-austin-hubbard']
JALIN TURNER,['https://www.tapology.com/fightcenter/fighters/68396-jalin-turner']
CODY GIBSON,"['https://www.tapology.com/fightcenter/fighters/cody-gibson', 'https://www.tapology.com/fightcenter/fighters/208066-cody-gibson']"
PRESTON PARSONS,['https://www.tapology.com/fightcenter/fighters/74671-preston-parsons']
CHRIS GRUETZEMACHER,['https://www.tapology.com/fightcenter/fighters/chris-gruetzemacher-gritz']
JOAQUIN BUCKLEY,['https://www.tapology.com/fightcenter/fighters/55022-joaquin-buckley']
SANTIAGO PONZINIBBIO,['https://www.tapology.com/fightcenter/fighters/29349-santiago-ponzinibbio-el-rasta']
ELIAS URBINA,['https://www.tapology.com/fightcenter/fighters/68421-elias-urbina']
DAN ARGUETA,"['https://www.tapology.com/fightcenter/fighters/162202-daniel-argueta-the-determined', 'https://www.tapology.com/fightcenter/fighters/265155-daniel-argueta']"
CORY SANDHAGEN,['https://www.tapology.com/fightcenter/fighters/32931-cory-sandhagen']
JP BUYS,['https://www.tapology.com/fightcenter/fighters/83711-jp-buys']
VICTOR ALTAMIRANO,['https://www.tapology.com/fightcenter/fighters/101415-victor-altamirano']
ALEX CACERES,['https://www.tapology.com/fightcenter/fighters/alex-caceres-bruce-leroy']
SEAN BRADY,"['https://www.tapology.com/fightcenter/fighters/32242-sean-brady', 'https://www.tapology.com/fightcenter/fighters/377868-sean-brady', 'https://www.tapology.com/fightcenter/fighters/414428-sean-brady', 'https://www.tapology.com/fightcenter/fighters/sean-patrick-brady']"
TRESEAN GORE,['https://www.tapology.com/fightcenter/fighters/65776-tresean-gore']
BOBBY GREEN,['https://www.tapology.com/fightcenter/fighters/bobby-green-king']
DAVID ONAMA,['https://www.tapology.com/fightcenter/fighters/104455-david-onama']
ROOSEVELT ROBERTS,['https://www.tapology.com/fightcenter/fighters/66843-roosevelt-roberts']
VAGNER ROCHA,['https://www.tapology.com/fightcenter/fighters/vagner-rocha']
CHRIS CURTIS,"['https://www.tapology.com/fightcenter/fighters/14863-christopher-curtis-the-action-man', 'https://www.tapology.com/fightcenter/fighters/325815-chris-curtis', 'https://www.tapology.com/fightcenter/fighters/345943-curtis-christopher']"
AUSTIN TWEEDY,['https://www.tapology.com/fightcenter/fighters/19146-austin-tweedy']
JAIME ALVAREZ,"['https://www.tapology.com/fightcenter/fighters/28720-jaime-alvarez', 'https://www.tapology.com/fightcenter/fighters/51356-jamie-alvarez', 'https://www.tapology.com/fightcenter/fighters/167249-jaime-londono-alvarez-el-kraken']"
BRENDAN ALLEN,['https://www.tapology.com/fightcenter/fighters/91516-brendan-allen']
TJ BROWN,"['https://www.tapology.com/fightcenter/fighters/91387-tj-brown', 'https://www.tapology.com/fightcenter/fighters/232339-t-j-brown']"
MELSIK BAGHDASARYAN,['https://www.tapology.com/fightcenter/fighters/75671-melsik-bagdasaryan']
HERBERT BURNS,['https://www.tapology.com/fightcenter/fighters/60086-herbert-burns']
FRANCIS MARSHALL,['https://www.tapology.com/fightcenter/fighters/186284-francis-marshall']
KYLER PHILLIPS,['https://www.tapology.com/fightcenter/fighters/93501-kyler-phillips']
BRANDON ROYVAL,['https://www.tapology.com/fightcenter/fighters/25031-brandon-royval']
ANTHONY SMITH,"['https://www.tapology.com/fightcenter/fighters/anthony-smith-lionheart', 'https://www.tapology.com/fightcenter/fighters/7978-anthony-smith', 'https://www.tapology.com/fightcenter/fighters/73500-anthony-smith', 'https://www.tapology.com/fightcenter/fighters/106005-anthony-smith', 'https://www.tapology.com/fightcenter/fighters/116954-anthony-smith', 'https://www.tapology.com/fightcenter/fighters/305048-anthony-smith-lights-out', 'https://www.tapology.com/fightcenter/fighters/305251-anthony-smith', 'https://www.tapology.com/fightcenter/fighters/36018-anthony-smith', 'https://www.tapology.com/fightcenter/fighters/73905-duncan-zechariah-smith', 'https://www.tapology.com/fightcenter/fighters/54553-anthony-caputo']"
YAIR RODRIGUEZ,"['https://www.tapology.com/fightcenter/fighters/70995-yair-rodriguez', 'https://www.tapology.com/fightcenter/fighters/297238-edwin-rodriguez-corona', 'https://www.tapology.com/fightcenter/fighters/106483-yahir-rodriguez', 'https://www.tapology.com/fightcenter/fighters/285324-yahir-adame']"
NICK AGUIRRE,['https://www.tapology.com/fightcenter/fighters/194945-nick-aguirre']
URIJAH FABER,['https://www.tapology.com/fightcenter/fighters/urijah-faber-the-california-kid']
NAZIM SADYKHOV,['https://www.tapology.com/fightcenter/fighters/135516-nazim-sadykhov']
WESTIN WILSON,['https://www.tapology.com/fightcenter/fighters/41130-westin-wilson']
TREVOR PEEK,"['https://www.tapology.com/fightcenter/fighters/60331-trevor-peek', 'https://www.tapology.com/fightcenter/fighters/91662-trevor-peek']"
AUSTIN LINGO,['https://www.tapology.com/fightcenter/fighters/129509-austin-lingo']
RICKY GLENN,['https://www.tapology.com/fightcenter/fighters/17746-rick-glenn']
CHARLES JOHNSON,"['https://www.tapology.com/fightcenter/fighters/117993-charles-johnson', 'https://www.tapology.com/fightcenter/fighters/123465-taylor-johnson', 'https://www.tapology.com/fightcenter/fighters/369572-walubu-johnson-charles', 'https://www.tapology.com/fightcenter/fighters/259742-charles-johnson', 'https://www.tapology.com/fightcenter/fighters/28807-charles-johnson-philly', 'https://www.tapology.com/fightcenter/fighters/37931-charles-johnson', 'https://www.tapology.com/fightcenter/fighters/77885-charles-johnson', 'https://www.tapology.com/fightcenter/fighters/137270-charles-johnson', 'https://www.tapology.com/fightcenter/fighters/367798-charles-johnson', 'https://www.tapology.com/fightcenter/fighters/417998-charles-johnson', 'https://www.tapology.com/fightcenter/fighters/91542-charlie-johnson']"
TUCKER LUTZ,['https://www.tapology.com/fightcenter/fighters/39248-tucker-lutz']
CODY DURDEN,['https://www.tapology.com/fightcenter/fighters/68337-cody-durden']
ADRIAN YANEZ,['https://www.tapology.com/fightcenter/fighters/34063-adrian-yanez']
PHILIPE LINS,['https://www.tapology.com/fightcenter/fighters/9874-felipe-lins-felipao']
CHARLES ROSA,['https://www.tapology.com/fightcenter/fighters/33009-charles-rosa']
GREGORY RODRIGUES,['https://www.tapology.com/fightcenter/fighters/78681-gregory-rodrigues-robocop']
DOMINICK CRUZ,['https://www.tapology.com/fightcenter/fighters/dominick-cruz-the-dominator']
MAX MUSTAKI,['https://www.tapology.com/fightcenter/fighters/133927-max-mustaki']
BRADY HIESTAND,['https://www.tapology.com/fightcenter/fighters/158649-brady-hiestand']
VICTOR MARTINEZ,"['https://www.tapology.com/fightcenter/fighters/18297-victor-martinez', 'https://www.tapology.com/fightcenter/fighters/204132-victor-martinez', 'https://www.tapology.com/fightcenter/fighters/324110-victor-contreras-martinez-pecas', 'https://www.tapology.com/fightcenter/fighters/334312-victor-barba-martinez', 'https://www.tapology.com/fightcenter/fighters/376221-victor-eladio-martinez', 'https://www.tapology.com/fightcenter/fighters/105954-victor-martinez', 'https://www.tapology.com/fightcenter/fighters/302319-victor-martinez-el-guerrero', 'https://www.tapology.com/fightcenter/fighters/340323-victor-martinez', 'https://www.tapology.com/fightcenter/fighters/417599-victor-manuel-martinez', 'https://www.tapology.com/fightcenter/fighters/214321-victor-martinez-barraza-rios', 'https://www.tapology.com/fightcenter/fighters/320210-victor-martinez-zamora', 'https://www.tapology.com/fightcenter/fighters/222845-victor-abreu', 'https://www.tapology.com/fightcenter/fighters/397022-victor-martinez-landa', 'https://www.tapology.com/fightcenter/fighters/203620-victor-mendez-spock', 'https://www.tapology.com/fightcenter/fighters/213353-victor-terrazas-vikingo', 'https://www.tapology.com/fightcenter/fighters/284144-victor-daniel-mercado-bebe', 'https://www.tapology.com/fightcenter/fighters/400884-joshua-martinez-salomon', 'https://www.tapology.com/fightcenter/fighters/378184-victor-martinez-prado', 'https://www.tapology.com/fightcenter/fighters/265204-victor-manuel-martinez-flores-miclo']"
ROB FONT,"['https://www.tapology.com/fightcenter/fighters/rob-font', 'https://www.tapology.com/fightcenter/fighters/296218-roberto-fontanella']"
EDMEN SHAHBAZYAN,['https://www.tapology.com/fightcenter/fighters/142325-edmen-shahbazyan']
BRYAN BATTLE,['https://www.tapology.com/fightcenter/fighters/153353-bryan-battle']
JARED CANNONIER,['https://www.tapology.com/fightcenter/fighters/63163-jared-cannonier']
JAMAHAL HILL,['https://www.tapology.com/fightcenter/fighters/120815-jamahal-hill']
JIM MILLER,"['https://www.tapology.com/fightcenter/fighters/jim-miller', 'https://www.tapology.com/fightcenter/fighters/16215-jimmy-miller', 'https://www.tapology.com/fightcenter/fighters/18301-jimmy-miller', 'https://www.tapology.com/fightcenter/fighters/318754-james-miller']"
LYMAN GOOD,['https://www.tapology.com/fightcenter/fighters/lyman-good-cyborg']
DENNIS BUZUKJA,['https://www.tapology.com/fightcenter/fighters/131561-dennis-buzukia']
JARED GORDON,"['https://www.tapology.com/fightcenter/fighters/17754-jared-gordon', 'https://www.tapology.com/fightcenter/fighters/24350-jarred-gordon-the-threat']"
DUSTIN JACOBY,['https://www.tapology.com/fightcenter/fighters/15069-dustin-jacoby']
JOSH FREMD,['https://www.tapology.com/fightcenter/fighters/65199-joshua-fremd']
DANIEL PINEDA,"['https://www.tapology.com/fightcenter/fighters/daniel-pineda', 'https://www.tapology.com/fightcenter/fighters/333126-juan-daniel-pineda', 'https://www.tapology.com/fightcenter/fighters/13309-dan-pineda', 'https://www.tapology.com/fightcenter/fighters/345464-pedro-pineda']"
CHRIS DAUKAUS,['https://www.tapology.com/fightcenter/fighters/25880-christopher-daukaus']
